config_id,run_name,run_id,phase,domain,domain_code,pooling,normalization,convolution,activation,stream_interaction,stream_level,interaction_level,test_auc,test_ap,test_average_precision,auc_above_real,ap_above_real,quadrant_relative_to_real
complex_modrelu,complex_modrelu,phase1_1184439_1,phase1,Image,0,max,rms,standard,modrelu,complex_only / none,complex_only,none,0.7527059329089786,0.147575201034088,0.147575201034088,True,True,both_above
complex_modrelu_median_pool,complex_modrelu_median_pool,phase1_1184439_2,phase1,Image,0,median,rms,standard,modrelu,complex_only / none,complex_only,none,0.7283189643595734,0.09951787740890833,0.09951787740890833,True,False,auc_only
complex_modrelu_average_pool,complex_modrelu_average_pool,phase1_1184439_3,phase1,Image,0,average,rms,standard,modrelu,complex_only / none,complex_only,none,0.715588322187307,0.11190968306302387,0.11190968306302387,False,True,ap_only
cx_img_max_rms_std_single_none_magsilu,cx_img_max_rms_std_single_none_magsilu,phase1_1184439_4,phase1,Image,0,max,rms,standard,magnitude_silu,complex_only / none,complex_only,none,0.7553917223967985,0.13320486051693708,0.13320486051693708,True,True,both_above
cx_img_max_rms_std_single_none_crelu,cx_img_max_rms_std_single_none_crelu,phase1_1184439_5,phase1,Image,0,max,rms,standard,crelu,complex_only / none,complex_only,none,0.49599817366314825,0.04770315101072779,0.04770315101072779,False,False,neither
cx_img_max_rms_std_single_none_card,cx_img_max_rms_std_single_none_card,phase1_1184439_6,phase1,Image,0,max,rms,standard,cardioid,complex_only / none,complex_only,none,0.6234388848602046,0.07713042994867131,0.07713042994867131,False,False,neither
cx_img_max_rms_std_single_holo_modrelu,cx_img_max_rms_std_single_holo_modrelu,phase1_1184439_7,phase1,Image,0,max,rms,standard,modrelu,complex_only / holographic,complex_only,holographic,0.5951172347111433,0.08394387376464776,0.08394387376464776,False,False,neither
cx_img_max_rms_std_single_holo_magsilu,cx_img_max_rms_std_single_holo_magsilu,phase1_1184439_8,phase1,Image,0,max,rms,standard,magnitude_silu,complex_only / holographic,complex_only,holographic,0.6782424193591707,0.11444089539695539,0.11444089539695539,False,True,ap_only
cx_img_max_rms_std_single_holo_crelu,cx_img_max_rms_std_single_holo_crelu,phase1_1184439_9,phase1,Image,0,max,rms,standard,crelu,complex_only / holographic,complex_only,holographic,0.6683452850965541,0.10719916726810069,0.10719916726810069,False,True,ap_only
cx_img_max_rms_std_single_holo_card,cx_img_max_rms_std_single_holo_card,phase1_1184439_10,phase1,Image,0,max,rms,standard,cardioid,complex_only / holographic,complex_only,holographic,0.41917116536405874,0.04158893520724965,0.04158893520724965,False,False,neither
cx_img_max_rms_std_dual_none_modrelu,cx_img_max_rms_std_dual_none_modrelu,phase1_1184439_11,phase1,Image,0,max,rms,standard,modrelu,dual / none,dual,none,0.7647919856041683,0.15395807000195016,0.15395807000195016,True,True,both_above
cx_img_max_rms_std_dual_none_magsilu,cx_img_max_rms_std_dual_none_magsilu,phase1_1184439_12,phase1,Image,0,max,rms,standard,magnitude_silu,dual / none,dual,none,0.7471597776166304,0.10835900832465457,0.10835900832465457,True,True,both_above
cx_img_max_rms_std_dual_none_crelu,cx_img_max_rms_std_dual_none_crelu,phase1_1184439_13,phase1,Image,0,max,rms,standard,crelu,dual / none,dual,none,0.7561974592431445,0.1630979097222241,0.1630979097222241,True,True,both_above
cx_img_max_rms_std_dual_none_card,cx_img_max_rms_std_dual_none_card,phase1_1184439_14,phase1,Image,0,max,rms,standard,cardioid,dual / none,dual,none,0.7551097145005775,0.10526224688605655,0.10526224688605655,True,False,auc_only
cx_img_max_rms_std_dual_gate_modrelu,cx_img_max_rms_std_dual_gate_modrelu,phase1_1184439_15,phase1,Image,0,max,rms,standard,modrelu,dual / modulus_gate,dual,modulus_gate,0.7164477748234093,0.10792626155057222,0.10792626155057222,False,True,ap_only
cx_img_max_rms_std_dual_gate_magsilu,cx_img_max_rms_std_dual_gate_magsilu,phase1_1184439_16,phase1,Image,0,max,rms,standard,magnitude_silu,dual / modulus_gate,dual,modulus_gate,0.67452260091854,0.07056482280786738,0.07056482280786738,False,False,neither
cx_img_max_rms_std_dual_gate_crelu,cx_img_max_rms_std_dual_gate_crelu,phase1_1184439_17,phase1,Image,0,max,rms,standard,crelu,dual / modulus_gate,dual,modulus_gate,0.6302473612118281,0.12893997596187398,0.12893997596187398,False,True,ap_only
cx_img_max_rms_std_dual_gate_card,cx_img_max_rms_std_dual_gate_card,phase1_1184439_18,phase1,Image,0,max,rms,standard,cardioid,dual / modulus_gate,dual,modulus_gate,0.6638331587570167,0.08836105515610145,0.08836105515610145,False,False,neither
cx_img_max_rms_std_dual_holo_modrelu,cx_img_max_rms_std_dual_holo_modrelu,phase1_1184439_19,phase1,Image,0,max,rms,standard,modrelu,dual / holographic,dual,holographic,0.7672360540380844,0.2059711932900737,0.2059711932900737,True,True,both_above
cx_img_max_rms_std_dual_holo_magsilu,cx_img_max_rms_std_dual_holo_magsilu,phase1_1184439_20,phase1,Image,0,max,rms,standard,magnitude_silu,dual / holographic,dual,holographic,0.7584669513603524,0.1333618343999282,0.1333618343999282,True,True,both_above
cx_img_max_rms_std_dual_holo_crelu,cx_img_max_rms_std_dual_holo_crelu,phase1_1184439_21,phase1,Image,0,max,rms,standard,crelu,dual / holographic,dual,holographic,0.7517256197459243,0.12069048762913397,0.12069048762913397,True,True,both_above
cx_img_max_rms_std_dual_holo_card,cx_img_max_rms_std_dual_holo_card,phase1_1184439_22,phase1,Image,0,max,rms,standard,cardioid,dual / holographic,dual,holographic,0.709666156366664,0.10005672134132916,0.10005672134132916,False,False,neither
cx_img_max_rms_wl_single_none_modrelu,cx_img_max_rms_wl_single_none_modrelu,phase1_1184439_23,phase1,Image,0,max,rms,widely_linear,modrelu,complex_only / none,complex_only,none,0.7870303225633175,0.15711657141506144,0.15711657141506144,True,True,both_above
cx_img_max_rms_wl_single_none_magsilu,cx_img_max_rms_wl_single_none_magsilu,phase1_1184439_24,phase1,Image,0,max,rms,widely_linear,magnitude_silu,complex_only / none,complex_only,none,0.6838020035989578,0.08360451024104612,0.08360451024104612,False,False,neither
cx_img_max_rms_wl_single_none_crelu,cx_img_max_rms_wl_single_none_crelu,phase1_1184439_25,phase1,Image,0,max,rms,widely_linear,crelu,complex_only / none,complex_only,none,0.5074799237235785,0.04838726932642039,0.04838726932642039,False,False,neither
cx_img_max_rms_wl_single_none_card,cx_img_max_rms_wl_single_none_card,phase1_1184439_26,phase1,Image,0,max,rms,widely_linear,cardioid,complex_only / none,complex_only,none,0.4109660784787688,0.0404906274613687,0.0404906274613687,False,False,neither
cx_img_max_rms_wl_single_holo_modrelu,cx_img_max_rms_wl_single_holo_modrelu,phase1_1184439_27,phase1,Image,0,max,rms,widely_linear,modrelu,complex_only / holographic,complex_only,holographic,0.6519485402734133,0.09422271122912337,0.09422271122912337,False,False,neither
cx_img_max_rms_wl_single_holo_magsilu,cx_img_max_rms_wl_single_holo_magsilu,phase1_1184439_28,phase1,Image,0,max,rms,widely_linear,magnitude_silu,complex_only / holographic,complex_only,holographic,0.6651491956060483,0.0810674008528473,0.0810674008528473,False,False,neither
cx_img_max_rms_wl_single_holo_crelu,cx_img_max_rms_wl_single_holo_crelu,phase1_1184439_29,phase1,Image,0,max,rms,widely_linear,crelu,complex_only / holographic,complex_only,holographic,0.3464467005076142,0.036686893342645535,0.036686893342645535,False,False,neither
cx_img_max_rms_wl_single_holo_card,cx_img_max_rms_wl_single_holo_card,phase1_1184439_30,phase1,Image,0,max,rms,widely_linear,cardioid,complex_only / holographic,complex_only,holographic,0.44060376547686186,0.046392299137334614,0.046392299137334614,False,False,neither
cx_img_max_rms_wl_dual_none_modrelu,cx_img_max_rms_wl_dual_none_modrelu,phase1_1184439_31,phase1,Image,0,max,rms,widely_linear,modrelu,dual / none,dual,none,0.7473209249858996,0.12567224671298527,0.12567224671298527,True,True,both_above
cx_img_max_rms_wl_dual_none_magsilu,cx_img_max_rms_wl_dual_none_magsilu,phase1_1184439_32,phase1,Image,0,max,rms,widely_linear,magnitude_silu,dual / none,dual,none,0.7862648725592888,0.17273833237102962,0.17273833237102962,True,True,both_above
cx_img_max_rms_wl_dual_none_crelu,cx_img_max_rms_wl_dual_none_crelu,phase1_1184439_33,phase1,Image,0,max,rms,widely_linear,crelu,dual / none,dual,none,0.649491042892058,0.08617096923515408,0.08617096923515408,False,False,neither
cx_img_max_rms_wl_dual_none_card,cx_img_max_rms_wl_dual_none_card,phase1_1184439_34,phase1,Image,0,max,rms,widely_linear,cardioid,dual / none,dual,none,0.685306045712137,0.0817027371531198,0.0817027371531198,False,False,neither
cx_img_max_rms_wl_dual_gate_modrelu,cx_img_max_rms_wl_dual_gate_modrelu,phase1_1184439_35,phase1,Image,0,max,rms,widely_linear,modrelu,dual / modulus_gate,dual,modulus_gate,0.607055568984503,0.0752170750189719,0.0752170750189719,False,False,neither
cx_img_max_rms_wl_dual_gate_magsilu,cx_img_max_rms_wl_dual_gate_magsilu,phase1_1184439_36,phase1,Image,0,max,rms,widely_linear,magnitude_silu,dual / modulus_gate,dual,modulus_gate,0.7873123304595386,0.1730873878941261,0.1730873878941261,True,True,both_above
cx_img_max_rms_wl_dual_gate_crelu,cx_img_max_rms_wl_dual_gate_crelu,phase1_1184439_37,phase1,Image,0,max,rms,widely_linear,crelu,dual / modulus_gate,dual,modulus_gate,0.7047914484462707,0.09800295001311626,0.09800295001311626,False,False,neither
cx_img_max_rms_wl_dual_gate_card,cx_img_max_rms_wl_dual_gate_card,phase1_1184439_38,phase1,Image,0,max,rms,widely_linear,cardioid,dual / modulus_gate,dual,modulus_gate,0.7645099777079472,0.16721414124746922,0.16721414124746922,True,True,both_above
cx_img_max_rms_wl_dual_holo_modrelu,cx_img_max_rms_wl_dual_holo_modrelu,phase1_1184439_39,phase1,Image,0,max,rms,widely_linear,modrelu,dual / holographic,dual,holographic,0.7447828539199096,0.12054045516669518,0.12054045516669518,True,True,both_above
cx_img_max_rms_wl_dual_holo_magsilu,cx_img_max_rms_wl_dual_holo_magsilu,phase1_1184439_40,phase1,Image,0,max,rms,widely_linear,magnitude_silu,dual / holographic,dual,holographic,0.7720839040635994,0.14903341102325723,0.14903341102325723,True,True,both_above
cx_img_max_rms_wl_dual_holo_crelu,cx_img_max_rms_wl_dual_holo_crelu,phase1_1184439_41,phase1,Image,0,max,rms,widely_linear,crelu,dual / holographic,dual,holographic,0.7202347380012355,0.09368886632058106,0.09368886632058106,False,False,neither
cx_img_max_rms_wl_dual_holo_card,cx_img_max_rms_wl_dual_holo_card,phase1_1184439_42,phase1,Image,0,max,rms,widely_linear,cardioid,dual / holographic,dual,holographic,0.7059329089785943,0.08833060558497603,0.08833060558497603,False,False,neither
cx_img_max_cbn_std_single_none_modrelu,cx_img_max_cbn_std_single_none_modrelu,phase1_1184439_43,phase1,Image,0,max,batchnorm,standard,modrelu,complex_only / none,complex_only,none,0.6854403351865281,0.08061150249967244,0.08061150249967244,False,False,neither
cx_img_max_cbn_std_single_none_magsilu,cx_img_max_cbn_std_single_none_magsilu,phase1_1184439_44,phase1,Image,0,max,batchnorm,standard,magnitude_silu,complex_only / none,complex_only,none,0.6799076088416189,0.07704986637004832,0.07704986637004832,False,False,neither
cx_img_max_cbn_std_single_none_crelu,cx_img_max_cbn_std_single_none_crelu,phase1_1184439_45,phase1,Image,0,max,batchnorm,standard,crelu,complex_only / none,complex_only,none,0.7182338248328095,0.13188652451402594,0.13188652451402594,False,True,ap_only
cx_img_max_cbn_std_single_none_card,cx_img_max_cbn_std_single_none_card,phase1_1184439_46,phase1,Image,0,max,batchnorm,standard,cardioid,complex_only / none,complex_only,none,0.7562108881905836,0.1359550463020995,0.1359550463020995,True,True,both_above
cx_img_max_cbn_std_single_holo_modrelu,cx_img_max_cbn_std_single_holo_modrelu,phase1_1184439_47,phase1,Image,0,max,batchnorm,standard,modrelu,complex_only / holographic,complex_only,holographic,0.6963849273493944,0.1023436386493464,0.1023436386493464,False,False,neither
cx_img_max_cbn_std_single_holo_magsilu,cx_img_max_cbn_std_single_holo_magsilu,phase1_1184439_48,phase1,Image,0,max,batchnorm,standard,magnitude_silu,complex_only / holographic,complex_only,holographic,0.6581124271479601,0.11426163330309089,0.11426163330309089,False,True,ap_only
cx_img_max_cbn_std_single_holo_crelu,cx_img_max_cbn_std_single_holo_crelu,phase1_1184439_49,phase1,Image,0,max,batchnorm,standard,crelu,complex_only / holographic,complex_only,holographic,0.7086321274138534,0.10843619565931989,0.10843619565931989,False,True,ap_only
cx_img_max_cbn_std_single_holo_card,cx_img_max_cbn_std_single_holo_card,phase1_1184439_50,phase1,Image,0,max,batchnorm,standard,cardioid,complex_only / holographic,complex_only,holographic,0.7278892380415223,0.10718950395221315,0.10718950395221315,True,True,both_above
cx_img_max_cbn_std_dual_none_modrelu,cx_img_max_cbn_std_dual_none_modrelu,phase1_1184439_51,phase1,Image,0,max,batchnorm,standard,modrelu,dual / none,dual,none,0.6572529745118577,0.06992595951067106,0.06992595951067106,False,False,neither
cx_img_max_cbn_std_dual_none_magsilu,cx_img_max_cbn_std_dual_none_magsilu,phase1_1184439_52,phase1,Image,0,max,batchnorm,standard,magnitude_silu,dual / none,dual,none,0.6922488115381517,0.1462415819384503,0.1462415819384503,False,True,ap_only
cx_img_max_cbn_std_dual_none_crelu,cx_img_max_cbn_std_dual_none_crelu,phase1_1184439_53,phase1,Image,0,max,batchnorm,standard,crelu,dual / none,dual,none,0.7423656433808717,0.13334202307964418,0.13334202307964418,True,True,both_above
cx_img_max_cbn_std_dual_none_card,cx_img_max_cbn_std_dual_none_card,phase1_1184439_54,phase1,Image,0,max,batchnorm,standard,cardioid,dual / none,dual,none,0.7856471409770902,0.15018899558136262,0.15018899558136262,True,True,both_above
cx_img_max_cbn_std_dual_gate_modrelu,cx_img_max_cbn_std_dual_gate_modrelu,phase1_1184439_55,phase1,Image,0,max,batchnorm,standard,modrelu,dual / modulus_gate,dual,modulus_gate,0.7881046383584454,0.14177159198169723,0.14177159198169723,True,True,both_above
cx_img_max_cbn_std_dual_gate_magsilu,cx_img_max_cbn_std_dual_gate_magsilu,phase1_1184439_56,phase1,Image,0,max,batchnorm,standard,magnitude_silu,dual / modulus_gate,dual,modulus_gate,0.7622270566433003,0.13656260383200067,0.13656260383200067,True,True,both_above
cx_img_max_cbn_std_dual_gate_crelu,cx_img_max_cbn_std_dual_gate_crelu,phase1_1184439_57,phase1,Image,0,max,batchnorm,standard,crelu,dual / modulus_gate,dual,modulus_gate,0.6968952273520802,0.08299383320316375,0.08299383320316375,False,False,neither
cx_img_max_cbn_std_dual_gate_card,cx_img_max_cbn_std_dual_gate_card,phase1_1184439_58,phase1,Image,0,max,batchnorm,standard,cardioid,dual / modulus_gate,dual,modulus_gate,0.7484556710445035,0.14388146427383242,0.14388146427383242,True,True,both_above
cx_img_max_cbn_std_dual_holo_modrelu,cx_img_max_cbn_std_dual_holo_modrelu,phase1_1184439_59,phase1,Image,0,max,batchnorm,standard,modrelu,dual / holographic,dual,holographic,0.7051674589745656,0.1653736015627213,0.1653736015627213,False,True,ap_only
cx_img_max_cbn_std_dual_holo_magsilu,cx_img_max_cbn_std_dual_holo_magsilu,phase1_1184439_60,phase1,Image,0,max,batchnorm,standard,magnitude_silu,dual / holographic,dual,holographic,0.7920258910106626,0.14911435285758748,0.14911435285758748,True,True,both_above
cx_img_max_cbn_std_dual_holo_crelu,cx_img_max_cbn_std_dual_holo_crelu,phase1_1184439_61,phase1,Image,0,max,batchnorm,standard,crelu,dual / holographic,dual,holographic,0.7569091934574168,0.16261848349697647,0.16261848349697647,True,True,both_above
cx_img_max_cbn_std_dual_holo_card,cx_img_max_cbn_std_dual_holo_card,phase1_1184439_62,phase1,Image,0,max,batchnorm,standard,cardioid,dual / holographic,dual,holographic,0.7245051432868691,0.09698766592576803,0.09698766592576803,False,False,neither
cx_img_max_cbn_wl_single_none_modrelu,cx_img_max_cbn_wl_single_none_modrelu,phase1_1184439_63,phase1,Image,0,max,batchnorm,widely_linear,modrelu,complex_only / none,complex_only,none,0.7820481830634115,0.18720944765640626,0.18720944765640626,True,True,both_above
cx_img_max_cbn_wl_single_none_magsilu,cx_img_max_cbn_wl_single_none_magsilu,phase1_1184439_64,phase1,Image,0,max,batchnorm,widely_linear,magnitude_silu,complex_only / none,complex_only,none,0.6429242875943383,0.07713917307624124,0.07713917307624124,False,False,neither
cx_img_max_cbn_wl_single_none_crelu,cx_img_max_cbn_wl_single_none_crelu,phase1_1184439_65,phase1,Image,0,max,batchnorm,widely_linear,crelu,complex_only / none,complex_only,none,0.7338248328096044,0.11720361613202786,0.11720361613202786,True,True,both_above
cx_img_max_cbn_wl_single_none_card,cx_img_max_cbn_wl_single_none_card,phase1_1184439_66,phase1,Image,0,max,batchnorm,widely_linear,cardioid,complex_only / none,complex_only,none,0.7205033169500175,0.13148257820737416,0.13148257820737416,False,True,ap_only
cx_img_max_cbn_wl_single_holo_modrelu,cx_img_max_cbn_wl_single_holo_modrelu,phase1_1184439_67,phase1,Image,0,max,batchnorm,widely_linear,modrelu,complex_only / holographic,complex_only,holographic,0.6823651062229742,0.10763552668411638,0.10763552668411638,False,True,ap_only
cx_img_max_cbn_wl_single_holo_magsilu,cx_img_max_cbn_wl_single_holo_magsilu,phase1_1184439_68,phase1,Image,0,max,batchnorm,widely_linear,magnitude_silu,complex_only / holographic,complex_only,holographic,0.6399027744205409,0.1910281355015522,0.1910281355015522,False,True,ap_only
cx_img_max_cbn_wl_single_holo_crelu,cx_img_max_cbn_wl_single_holo_crelu,phase1_1184439_69,phase1,Image,0,max,batchnorm,widely_linear,crelu,complex_only / holographic,complex_only,holographic,0.6933096983858404,0.08558076973372925,0.08558076973372925,False,False,neither
cx_img_max_cbn_wl_single_holo_card,cx_img_max_cbn_wl_single_holo_card,phase1_1184439_70,phase1,Image,0,max,batchnorm,widely_linear,cardioid,complex_only / holographic,complex_only,holographic,0.6945183036553595,0.15740451326079055,0.15740451326079055,False,True,ap_only
cx_img_max_cbn_wl_dual_none_modrelu,cx_img_max_cbn_wl_dual_none_modrelu,phase1_1184439_71,phase1,Image,0,max,batchnorm,widely_linear,modrelu,dual / none,dual,none,0.7452125802379609,0.14038331667825749,0.14038331667825749,True,True,both_above
cx_img_max_cbn_wl_dual_none_magsilu,cx_img_max_cbn_wl_dual_none_magsilu,phase1_1184439_72,phase1,Image,0,max,batchnorm,widely_linear,magnitude_silu,dual / none,dual,none,0.7623882040125695,0.16933223273520404,0.16933223273520404,True,True,both_above
cx_img_max_cbn_wl_dual_none_crelu,cx_img_max_cbn_wl_dual_none_crelu,phase1_1184439_73,phase1,Image,0,max,batchnorm,widely_linear,crelu,dual / none,dual,none,0.7747831224988585,0.11999339567278558,0.11999339567278558,True,True,both_above
cx_img_max_cbn_wl_dual_none_card,cx_img_max_cbn_wl_dual_none_card,phase1_1184439_74,phase1,Image,0,max,batchnorm,widely_linear,cardioid,dual / none,dual,none,0.7801681304219374,0.1462597431867826,0.1462597431867826,True,True,both_above
cx_img_max_cbn_wl_dual_gate_modrelu,cx_img_max_cbn_wl_dual_gate_modrelu,phase1_1184439_75,phase1,Image,0,max,batchnorm,widely_linear,modrelu,dual / modulus_gate,dual,modulus_gate,0.7622942013804958,0.13795029775559803,0.13795029775559803,True,True,both_above
cx_img_max_cbn_wl_dual_gate_magsilu,cx_img_max_cbn_wl_dual_gate_magsilu,phase1_1184439_76,phase1,Image,0,max,batchnorm,widely_linear,magnitude_silu,dual / modulus_gate,dual,modulus_gate,0.7580775118846184,0.10609166183394672,0.10609166183394672,True,False,auc_only
cx_img_max_cbn_wl_dual_gate_crelu,cx_img_max_cbn_wl_dual_gate_crelu,phase1_1184439_77,phase1,Image,0,max,batchnorm,widely_linear,crelu,dual / modulus_gate,dual,modulus_gate,0.7531222302795907,0.16583319887279258,0.16583319887279258,True,True,both_above
cx_img_max_cbn_wl_dual_gate_card,cx_img_max_cbn_wl_dual_gate_card,phase1_1184439_78,phase1,Image,0,max,batchnorm,widely_linear,cardioid,dual / modulus_gate,dual,modulus_gate,0.7236054038084494,0.1474553988935416,0.1474553988935416,False,True,ap_only
cx_img_max_cbn_wl_dual_holo_modrelu,cx_img_max_cbn_wl_dual_holo_modrelu,phase1_1184439_79,phase1,Image,0,max,batchnorm,widely_linear,modrelu,dual / holographic,dual,holographic,0.702790535277845,0.08668939604773328,0.08668939604773328,False,False,neither
cx_img_max_cbn_wl_dual_holo_magsilu,cx_img_max_cbn_wl_dual_holo_magsilu,phase1_1184439_80,phase1,Image,0,max,batchnorm,widely_linear,magnitude_silu,dual / holographic,dual,holographic,0.7565063250342438,0.16034456976884506,0.16034456976884506,True,True,both_above
cx_img_max_cbn_wl_dual_holo_crelu,cx_img_max_cbn_wl_dual_holo_crelu,phase1_1184439_81,phase1,Image,0,max,batchnorm,widely_linear,crelu,dual / holographic,dual,holographic,0.7499127118416459,0.1187485525681776,0.1187485525681776,True,True,both_above
cx_img_max_cbn_wl_dual_holo_card,cx_img_max_cbn_wl_dual_holo_card,phase1_1184439_82,phase1,Image,0,max,batchnorm,widely_linear,cardioid,dual / holographic,dual,holographic,0.6984664142024548,0.10213086344840125,0.10213086344840125,False,False,neither
cx_img_med_rms_std_single_none_magsilu,cx_img_med_rms_std_single_none_magsilu,phase1_1184439_83,phase1,Image,0,median,rms,standard,magnitude_silu,complex_only / none,complex_only,none,0.6539360244944001,0.07147764659007558,0.07147764659007558,False,False,neither
cx_img_med_rms_std_single_none_crelu,cx_img_med_rms_std_single_none_crelu,phase1_1184439_84,phase1,Image,0,median,rms,standard,crelu,complex_only / none,complex_only,none,0.7637713855987966,0.15850680426607744,0.15850680426607744,True,True,both_above
cx_img_med_rms_std_single_none_card,cx_img_med_rms_std_single_none_card,phase1_1184439_85,phase1,Image,0,median,rms,standard,cardioid,complex_only / none,complex_only,none,0.6874815351972712,0.09567526940573637,0.09567526940573637,False,False,neither
cx_img_med_rms_std_single_holo_modrelu,cx_img_med_rms_std_single_holo_modrelu,phase1_1184439_86,phase1,Image,0,median,rms,standard,modrelu,complex_only / holographic,complex_only,holographic,0.6487658797303467,0.12720691338475526,0.12720691338475526,False,True,ap_only
cx_img_med_rms_std_single_holo_magsilu,cx_img_med_rms_std_single_holo_magsilu,phase1_1184439_87,phase1,Image,0,median,rms,standard,magnitude_silu,complex_only / holographic,complex_only,holographic,0.6702656245803453,0.08190709500306982,0.08190709500306982,False,False,neither
cx_img_med_rms_std_single_holo_crelu,cx_img_med_rms_std_single_holo_crelu,phase1_1184439_88,phase1,Image,0,median,rms,standard,crelu,complex_only / holographic,complex_only,holographic,0.6870652378266592,0.09470397817517774,0.09470397817517774,False,False,neither
cx_img_med_rms_std_single_holo_card,cx_img_med_rms_std_single_holo_card,phase1_1184439_89,phase1,Image,0,median,rms,standard,cardioid,complex_only / holographic,complex_only,holographic,0.77699889882631,0.1396668691293343,0.1396668691293343,True,True,both_above
cx_img_med_rms_std_dual_none_modrelu,cx_img_med_rms_std_dual_none_modrelu,phase1_1184439_90,phase1,Image,0,median,rms,standard,modrelu,dual / none,dual,none,0.713976848494615,0.09432107618895469,0.09432107618895469,False,False,neither
cx_img_med_rms_std_dual_none_magsilu,cx_img_med_rms_std_dual_none_magsilu,phase1_1184439_91,phase1,Image,0,median,rms,standard,magnitude_silu,dual / none,dual,none,0.771895898799452,0.17699239246285264,0.17699239246285264,True,True,both_above
cx_img_med_rms_std_dual_none_crelu,cx_img_med_rms_std_dual_none_crelu,phase1_1184439_92,phase1,Image,0,median,rms,standard,crelu,dual / none,dual,none,0.772285338275186,0.18099064003927706,0.18099064003927706,True,True,both_above
cx_img_med_rms_std_dual_none_card,cx_img_med_rms_std_dual_none_card,phase1_1184439_93,phase1,Image,0,median,rms,standard,cardioid,dual / none,dual,none,0.7493755539440818,0.1623276203837821,0.1623276203837821,True,True,both_above
cx_img_med_rms_std_dual_gate_modrelu,cx_img_med_rms_std_dual_gate_modrelu,phase1_1184439_94,phase1,Image,0,median,rms,standard,modrelu,dual / modulus_gate,dual,modulus_gate,0.6330540112266,0.07626629061663018,0.07626629061663018,False,False,neither
cx_img_med_rms_std_dual_gate_magsilu,cx_img_med_rms_std_dual_gate_magsilu,phase1_1184439_95,phase1,Image,0,median,rms,standard,magnitude_silu,dual / modulus_gate,dual,modulus_gate,0.7133322590175382,0.08564841422882576,0.08564841422882576,False,False,neither
cx_img_med_rms_std_dual_gate_crelu,cx_img_med_rms_std_dual_gate_crelu,phase1_1184439_96,phase1,Image,0,median,rms,standard,crelu,dual / modulus_gate,dual,modulus_gate,0.6584750087288158,0.10388126481138239,0.10388126481138239,False,False,neither
cx_img_med_rms_std_dual_gate_card,cx_img_med_rms_std_dual_gate_card,phase1_1184439_97,phase1,Image,0,median,rms,standard,cardioid,dual / modulus_gate,dual,modulus_gate,0.7006419036875889,0.13752426798205383,0.13752426798205383,False,True,ap_only
cx_img_med_rms_std_dual_holo_modrelu,cx_img_med_rms_std_dual_holo_modrelu,phase1_1184439_98,phase1,Image,0,median,rms,standard,modrelu,dual / holographic,dual,holographic,0.6663846587704455,0.08670542768121693,0.08670542768121693,False,False,neither
cx_img_med_rms_std_dual_holo_magsilu,cx_img_med_rms_std_dual_holo_magsilu,phase1_1184439_99,phase1,Image,0,median,rms,standard,magnitude_silu,dual / holographic,dual,holographic,0.7554857250288722,0.1756296462568967,0.1756296462568967,True,True,both_above
cx_img_med_rms_std_dual_holo_crelu,cx_img_med_rms_std_dual_holo_crelu,phase1_1184439_100,phase1,Image,0,median,rms,standard,crelu,dual / holographic,dual,holographic,0.771493030376279,0.1436710933322818,0.1436710933322818,True,True,both_above
cx_img_med_rms_std_dual_holo_card,cx_img_med_rms_std_dual_holo_card,phase1_1184439_101,phase1,Image,0,median,rms,standard,cardioid,dual / holographic,dual,holographic,0.7867080278247791,0.16066163483970156,0.16066163483970156,True,True,both_above
cx_img_med_rms_wl_single_none_modrelu,cx_img_med_rms_wl_single_none_modrelu,phase1_1184439_102,phase1,Image,0,median,rms,widely_linear,modrelu,complex_only / none,complex_only,none,0.624432626970698,0.10303220684822484,0.10303220684822484,False,False,neither
cx_img_med_rms_wl_single_none_magsilu,cx_img_med_rms_wl_single_none_magsilu,phase1_1184439_103,phase1,Image,0,median,rms,widely_linear,magnitude_silu,complex_only / none,complex_only,none,0.5751886767115193,0.06565804046177105,0.06565804046177105,False,False,neither
cx_img_med_rms_wl_single_none_crelu,cx_img_med_rms_wl_single_none_crelu,phase1_1184439_104,phase1,Image,0,median,rms,widely_linear,crelu,complex_only / none,complex_only,none,0.7221550774850267,0.14080687498060074,0.14080687498060074,False,True,ap_only
cx_img_med_rms_wl_single_none_card,cx_img_med_rms_wl_single_none_card,phase1_1184439_105,phase1,Image,0,median,rms,widely_linear,cardioid,complex_only / none,complex_only,none,0.6784707114656354,0.10424731333704172,0.10424731333704172,False,False,neither
cx_img_med_rms_wl_single_holo_modrelu,cx_img_med_rms_wl_single_holo_modrelu,phase1_1184439_106,phase1,Image,0,median,rms,widely_linear,modrelu,complex_only / holographic,complex_only,holographic,0.7192678537856203,0.10423115897192636,0.10423115897192636,False,False,neither
cx_img_med_rms_wl_single_holo_magsilu,cx_img_med_rms_wl_single_holo_magsilu,phase1_1184439_107,phase1,Image,0,median,rms,widely_linear,magnitude_silu,complex_only / holographic,complex_only,holographic,0.5880670373056159,0.08202277801231808,0.08202277801231808,False,False,neither
cx_img_med_rms_wl_single_holo_crelu,cx_img_med_rms_wl_single_holo_crelu,phase1_1184439_108,phase1,Image,0,median,rms,widely_linear,crelu,complex_only / holographic,complex_only,holographic,0.7625493513818388,0.12999596037543748,0.12999596037543748,True,True,both_above
cx_img_med_rms_wl_single_holo_card,cx_img_med_rms_wl_single_holo_card,phase1_1184439_109,phase1,Image,0,median,rms,widely_linear,cardioid,complex_only / holographic,complex_only,holographic,0.6791421588375903,0.08464049574493705,0.08464049574493705,False,False,neither
cx_img_med_rms_wl_dual_none_modrelu,cx_img_med_rms_wl_dual_none_modrelu,phase1_1184439_110,phase1,Image,0,median,rms,widely_linear,modrelu,dual / none,dual,none,0.722463943276126,0.0877443306654598,0.0877443306654598,False,False,neither
cx_img_med_rms_wl_dual_none_magsilu,cx_img_med_rms_wl_dual_none_magsilu,phase1_1184439_111,phase1,Image,0,median,rms,widely_linear,magnitude_silu,dual / none,dual,none,0.7307496038460505,0.103357470782876,0.103357470782876,True,False,auc_only
cx_img_med_rms_wl_dual_none_crelu,cx_img_med_rms_wl_dual_none_crelu,phase1_1184439_112,phase1,Image,0,median,rms,widely_linear,crelu,dual / none,dual,none,0.7497784223672549,0.15634937355462364,0.15634937355462364,True,True,both_above
cx_img_med_rms_wl_dual_none_card,cx_img_med_rms_wl_dual_none_card,phase1_1184439_113,phase1,Image,0,median,rms,widely_linear,cardioid,dual / none,dual,none,0.7438965433889292,0.13435138736975213,0.13435138736975213,True,True,both_above
cx_img_med_rms_wl_dual_gate_modrelu,cx_img_med_rms_wl_dual_gate_modrelu,phase1_1184439_114,phase1,Image,0,median,rms,widely_linear,modrelu,dual / modulus_gate,dual,modulus_gate,0.7125936669083878,0.13749388281663238,0.13749388281663238,False,True,ap_only
cx_img_med_rms_wl_dual_gate_magsilu,cx_img_med_rms_wl_dual_gate_magsilu,phase1_1184439_115,phase1,Image,0,median,rms,widely_linear,magnitude_silu,dual / modulus_gate,dual,modulus_gate,0.7462063223484543,0.11264289927648594,0.11264289927648594,True,True,both_above
cx_img_med_rms_wl_dual_gate_crelu,cx_img_med_rms_wl_dual_gate_crelu,phase1_1184439_116,phase1,Image,0,median,rms,widely_linear,crelu,dual / modulus_gate,dual,modulus_gate,0.7480998039373673,0.10087923937437185,0.10087923937437185,True,False,auc_only
cx_img_med_rms_wl_dual_gate_card,cx_img_med_rms_wl_dual_gate_card,phase1_1184439_117,phase1,Image,0,median,rms,widely_linear,cardioid,dual / modulus_gate,dual,modulus_gate,0.7307630327934896,0.11925523266637048,0.11925523266637048,True,True,both_above
cx_img_med_rms_wl_dual_holo_modrelu,cx_img_med_rms_wl_dual_holo_modrelu,phase1_1184439_118,phase1,Image,0,median,rms,widely_linear,modrelu,dual / holographic,dual,holographic,0.7761125882953294,0.16813184427842942,0.16813184427842942,True,True,both_above
cx_img_med_rms_wl_dual_holo_magsilu,cx_img_med_rms_wl_dual_holo_magsilu,phase1_1184439_119,phase1,Image,0,median,rms,widely_linear,magnitude_silu,dual / holographic,dual,holographic,0.7592726882066984,0.13053063843906867,0.13053063843906867,True,True,both_above
cx_img_med_rms_wl_dual_holo_crelu,cx_img_med_rms_wl_dual_holo_crelu,phase1_1184439_120,phase1,Image,0,median,rms,widely_linear,crelu,dual / holographic,dual,holographic,0.74925469341713,0.12228400175697784,0.12228400175697784,True,True,both_above
cx_img_med_rms_wl_dual_holo_card,cx_img_med_rms_wl_dual_holo_card,phase1_1184439_121,phase1,Image,0,median,rms,widely_linear,cardioid,dual / holographic,dual,holographic,0.7057583326618858,0.09432664823495288,0.09432664823495288,False,False,neither
cx_img_med_cbn_std_single_none_modrelu,cx_img_med_cbn_std_single_none_modrelu,phase1_1184439_122,phase1,Image,0,median,batchnorm,standard,modrelu,complex_only / none,complex_only,none,0.6782289904117315,0.09916013594727045,0.09916013594727045,False,False,neither
cx_img_med_cbn_std_single_none_magsilu,cx_img_med_cbn_std_single_none_magsilu,phase1_1184439_123,phase1,Image,0,median,batchnorm,standard,magnitude_silu,complex_only / none,complex_only,none,0.648819595520103,0.0749067040935529,0.0749067040935529,False,False,neither
cx_img_med_cbn_std_single_none_crelu,cx_img_med_cbn_std_single_none_crelu,phase1_1184439_124,phase1,Image,0,median,batchnorm,standard,crelu,complex_only / none,complex_only,none,0.7427685118040449,0.15047391076607738,0.15047391076607738,True,True,both_above
cx_img_med_cbn_std_single_none_card,cx_img_med_cbn_std_single_none_card,phase1_1184439_125,phase1,Image,0,median,batchnorm,standard,cardioid,complex_only / none,complex_only,none,0.7971423199849595,0.16061838115991806,0.16061838115991806,True,True,both_above
cx_img_med_cbn_std_single_holo_modrelu,cx_img_med_cbn_std_single_holo_modrelu,phase1_1184439_126,phase1,Image,0,median,batchnorm,standard,modrelu,complex_only / holographic,complex_only,holographic,0.6760132140842801,0.08913803512325373,0.08913803512325373,False,False,neither
cx_img_med_cbn_std_single_holo_magsilu,cx_img_med_cbn_std_single_holo_magsilu,phase1_1184439_127,phase1,Image,0,median,batchnorm,standard,magnitude_silu,complex_only / holographic,complex_only,holographic,0.6288373217307227,0.08000533254667182,0.08000533254667182,False,False,neither
cx_img_med_cbn_std_single_holo_crelu,cx_img_med_cbn_std_single_holo_crelu,phase1_1184439_128,phase1,Image,0,median,batchnorm,standard,crelu,complex_only / holographic,complex_only,holographic,0.7014207826390567,0.09001123688787335,0.09001123688787335,False,False,neither
cx_img_med_cbn_std_single_holo_card,cx_img_med_cbn_std_single_holo_card,phase1_1184439_129,phase1,Image,0,median,batchnorm,standard,cardioid,complex_only / holographic,complex_only,holographic,0.8162248542959203,0.16550209022593113,0.16550209022593113,True,True,both_above
cx_img_med_cbn_std_dual_none_modrelu,cx_img_med_cbn_std_dual_none_modrelu,phase1_1184439_130,phase1,Image,0,median,batchnorm,standard,modrelu,dual / none,dual,none,0.7258077511884617,0.10738937322102296,0.10738937322102296,False,True,ap_only
cx_img_med_cbn_std_dual_none_magsilu,cx_img_med_cbn_std_dual_none_magsilu,phase1_1184439_131,phase1,Image,0,median,batchnorm,standard,magnitude_silu,dual / none,dual,none,0.7661885961378346,0.1771866721362004,0.1771866721362004,True,True,both_above
cx_img_med_cbn_std_dual_none_crelu,cx_img_med_cbn_std_dual_none_crelu,phase1_1184439_132,phase1,Image,0,median,batchnorm,standard,crelu,dual / none,dual,none,0.7540488276528885,0.15701374315691835,0.15701374315691835,True,True,both_above
cx_img_med_cbn_std_dual_none_card,cx_img_med_cbn_std_dual_none_card,phase1_1184439_133,phase1,Image,0,median,batchnorm,standard,cardioid,dual / none,dual,none,0.7418150565358688,0.10075349542327477,0.10075349542327477,True,False,auc_only
cx_img_med_cbn_std_dual_gate_modrelu,cx_img_med_cbn_std_dual_gate_modrelu,phase1_1184439_134,phase1,Image,0,median,batchnorm,standard,modrelu,dual / modulus_gate,dual,modulus_gate,0.7715467461660355,0.21404876810365706,0.21404876810365706,True,True,both_above
cx_img_med_cbn_std_dual_gate_magsilu,cx_img_med_cbn_std_dual_gate_magsilu,phase1_1184439_135,phase1,Image,0,median,batchnorm,standard,magnitude_silu,dual / modulus_gate,dual,modulus_gate,0.7727284935406763,0.18261884282719965,0.18261884282719965,True,True,both_above
cx_img_med_cbn_std_dual_gate_crelu,cx_img_med_cbn_std_dual_gate_crelu,phase1_1184439_136,phase1,Image,0,median,batchnorm,standard,crelu,dual / modulus_gate,dual,modulus_gate,0.7226519485402734,0.11229509805346428,0.11229509805346428,False,True,ap_only
cx_img_med_cbn_std_dual_gate_card,cx_img_med_cbn_std_dual_gate_card,phase1_1184439_137,phase1,Image,0,median,batchnorm,standard,cardioid,dual / modulus_gate,dual,modulus_gate,0.7855397093975774,0.15592211867031192,0.15592211867031192,True,True,both_above
cx_img_med_cbn_std_dual_holo_modrelu,cx_img_med_cbn_std_dual_holo_modrelu,phase1_1184439_138,phase1,Image,0,median,batchnorm,standard,modrelu,dual / holographic,dual,holographic,0.7234039695968629,0.11664556032039503,0.11664556032039503,False,True,ap_only
cx_img_med_cbn_std_dual_holo_magsilu,cx_img_med_cbn_std_dual_holo_magsilu,phase1_1184439_139,phase1,Image,0,median,batchnorm,standard,magnitude_silu,dual / holographic,dual,holographic,0.7353154459753445,0.13444524132579388,0.13444524132579388,True,True,both_above
cx_img_med_cbn_std_dual_holo_crelu,cx_img_med_cbn_std_dual_holo_crelu,phase1_1184439_140,phase1,Image,0,median,batchnorm,standard,crelu,dual / holographic,dual,holographic,0.7728359251201891,0.1467095380069789,0.1467095380069789,True,True,both_above
cx_img_med_cbn_std_dual_holo_card,cx_img_med_cbn_std_dual_holo_card,phase1_1184439_141,phase1,Image,0,median,batchnorm,standard,cardioid,dual / holographic,dual,holographic,0.7357586012408347,0.15020028046944844,0.15020028046944844,True,True,both_above
cx_img_med_cbn_wl_single_none_modrelu,cx_img_med_cbn_wl_single_none_modrelu,phase1_1184439_142,phase1,Image,0,median,batchnorm,widely_linear,modrelu,complex_only / none,complex_only,none,0.7375312223027959,0.1507432860107536,0.1507432860107536,True,True,both_above
cx_img_med_cbn_wl_single_none_magsilu,cx_img_med_cbn_wl_single_none_magsilu,phase1_1184439_143,phase1,Image,0,median,batchnorm,widely_linear,magnitude_silu,complex_only / none,complex_only,none,0.6417425402196976,0.06594133197778991,0.06594133197778991,False,False,neither
cx_img_med_cbn_wl_single_none_crelu,cx_img_med_cbn_wl_single_none_crelu,phase1_1184439_144,phase1,Image,0,median,batchnorm,widely_linear,crelu,complex_only / none,complex_only,none,0.7404050170547632,0.14350770659463008,0.14350770659463008,True,True,both_above
cx_img_med_cbn_wl_single_none_card,cx_img_med_cbn_wl_single_none_card,phase1_1184439_145,phase1,Image,0,median,batchnorm,widely_linear,cardioid,complex_only / none,complex_only,none,0.7084172642548276,0.14416119336848945,0.14416119336848945,False,True,ap_only
cx_img_med_cbn_wl_single_holo_modrelu,cx_img_med_cbn_wl_single_holo_modrelu,phase1_1184439_146,phase1,Image,0,median,batchnorm,widely_linear,modrelu,complex_only / holographic,complex_only,holographic,0.7453065828700347,0.11126274334029806,0.11126274334029806,True,True,both_above
cx_img_med_cbn_wl_single_holo_magsilu,cx_img_med_cbn_wl_single_holo_magsilu,phase1_1184439_147,phase1,Image,0,median,batchnorm,widely_linear,magnitude_silu,complex_only / holographic,complex_only,holographic,0.6217602664303172,0.07484625401835014,0.07484625401835014,False,False,neither
cx_img_med_cbn_wl_single_holo_crelu,cx_img_med_cbn_wl_single_holo_crelu,phase1_1184439_148,phase1,Image,0,median,batchnorm,widely_linear,crelu,complex_only / holographic,complex_only,holographic,0.7409556038997663,0.11728809633970198,0.11728809633970198,True,True,both_above
cx_img_med_cbn_wl_single_holo_card,cx_img_med_cbn_wl_single_holo_card,phase1_1184439_149,phase1,Image,0,median,batchnorm,widely_linear,cardioid,complex_only / holographic,complex_only,holographic,0.701716219482717,0.157318019929385,0.157318019929385,False,True,ap_only
cx_img_med_cbn_wl_dual_none_modrelu,cx_img_med_cbn_wl_dual_none_modrelu,phase1_1184439_150,phase1,Image,0,median,batchnorm,widely_linear,modrelu,dual / none,dual,none,0.7191738511535466,0.08973823542456794,0.08973823542456794,False,False,neither
cx_img_med_cbn_wl_dual_none_magsilu,cx_img_med_cbn_wl_dual_none_magsilu,phase1_1184439_151,phase1,Image,0,median,batchnorm,widely_linear,magnitude_silu,dual / none,dual,none,0.74656890392931,0.13292706654336836,0.13292706654336836,True,True,both_above
cx_img_med_cbn_wl_dual_none_crelu,cx_img_med_cbn_wl_dual_none_crelu,phase1_1184439_152,phase1,Image,0,median,batchnorm,widely_linear,crelu,dual / none,dual,none,0.7277952354094486,0.14218483877272464,0.14218483877272464,True,True,both_above
cx_img_med_cbn_wl_dual_none_card,cx_img_med_cbn_wl_dual_none_card,phase1_1184439_153,phase1,Image,0,median,batchnorm,widely_linear,cardioid,dual / none,dual,none,0.7180592485161013,0.11631542632969374,0.11631542632969374,False,True,ap_only
cx_img_med_cbn_wl_dual_gate_modrelu,cx_img_med_cbn_wl_dual_gate_modrelu,phase1_1184439_154,phase1,Image,0,median,batchnorm,widely_linear,modrelu,dual / modulus_gate,dual,modulus_gate,0.7185829774662261,0.08784029224077447,0.08784029224077447,False,False,neither
cx_img_med_cbn_wl_dual_gate_magsilu,cx_img_med_cbn_wl_dual_gate_magsilu,phase1_1184439_155,phase1,Image,0,median,batchnorm,widely_linear,magnitude_silu,dual / modulus_gate,dual,modulus_gate,0.7524507829076357,0.10402534045605022,0.10402534045605022,True,False,auc_only
cx_img_med_cbn_wl_dual_gate_crelu,cx_img_med_cbn_wl_dual_gate_crelu,phase1_1184439_156,phase1,Image,0,median,batchnorm,widely_linear,crelu,dual / modulus_gate,dual,modulus_gate,0.717616093250611,0.11073102480803537,0.11073102480803537,False,True,ap_only
cx_img_med_cbn_wl_dual_gate_card,cx_img_med_cbn_wl_dual_gate_card,phase1_1184439_157,phase1,Image,0,median,batchnorm,widely_linear,cardioid,dual / modulus_gate,dual,modulus_gate,0.7538205355464239,0.10450858230585466,0.10450858230585466,True,False,auc_only
cx_img_med_cbn_wl_dual_holo_modrelu,cx_img_med_cbn_wl_dual_holo_modrelu,phase1_1184439_158,phase1,Image,0,median,batchnorm,widely_linear,modrelu,dual / holographic,dual,holographic,0.6847286009722559,0.10054197693221087,0.10054197693221087,False,False,neither
cx_img_med_cbn_wl_dual_holo_magsilu,cx_img_med_cbn_wl_dual_holo_magsilu,phase1_1184439_159,phase1,Image,0,median,batchnorm,widely_linear,magnitude_silu,dual / holographic,dual,holographic,0.7148631590255956,0.11405858923238922,0.11405858923238922,False,True,ap_only
cx_img_med_cbn_wl_dual_holo_crelu,cx_img_med_cbn_wl_dual_holo_crelu,phase1_1184439_160,phase1,Image,0,median,batchnorm,widely_linear,crelu,dual / holographic,dual,holographic,0.7570837697741252,0.10788635377577793,0.10788635377577793,True,True,both_above
cx_img_med_cbn_wl_dual_holo_card,cx_img_med_cbn_wl_dual_holo_card,phase1_1184439_161,phase1,Image,0,median,batchnorm,widely_linear,cardioid,dual / holographic,dual,holographic,0.7207047511616039,0.1319986368994496,0.1319986368994496,False,True,ap_only
cx_img_avg_rms_std_single_none_magsilu,cx_img_avg_rms_std_single_none_magsilu,phase1_1184439_162,phase1,Image,0,average,rms,standard,magnitude_silu,complex_only / none,complex_only,none,0.634383477023071,0.06942778848598491,0.06942778848598491,False,False,neither
cx_img_avg_rms_std_single_none_crelu,cx_img_avg_rms_std_single_none_crelu,phase1_1184439_163,phase1,Image,0,average,rms,standard,crelu,complex_only / none,complex_only,none,0.6934977036499879,0.12906778120263965,0.12906778120263965,False,True,ap_only
cx_img_avg_rms_std_single_none_card,cx_img_avg_rms_std_single_none_card,phase1_1184439_164,phase1,Image,0,average,rms,standard,cardioid,complex_only / none,complex_only,none,0.643555448123976,0.07115324449770687,0.07115324449770687,False,False,neither
cx_img_avg_rms_std_single_holo_modrelu,cx_img_avg_rms_std_single_holo_modrelu,phase1_1184439_165,phase1,Image,0,average,rms,standard,modrelu,complex_only / holographic,complex_only,holographic,0.665229769290683,0.0817183903975745,0.0817183903975745,False,False,neither
cx_img_avg_rms_std_single_holo_magsilu,cx_img_avg_rms_std_single_holo_magsilu,phase1_1184439_166,phase1,Image,0,average,rms,standard,magnitude_silu,complex_only / holographic,complex_only,holographic,0.6886364246770338,0.13701845084673303,0.13701845084673303,False,True,ap_only
cx_img_avg_rms_std_single_holo_crelu,cx_img_avg_rms_std_single_holo_crelu,phase1_1184439_167,phase1,Image,0,average,rms,standard,crelu,complex_only / holographic,complex_only,holographic,0.6641420245481159,0.12077786602074302,0.12077786602074302,False,True,ap_only
cx_img_avg_rms_std_single_holo_card,cx_img_avg_rms_std_single_holo_card,phase1_1184439_168,phase1,Image,0,average,rms,standard,cardioid,complex_only / holographic,complex_only,holographic,0.6562323745064862,0.07671256127104406,0.07671256127104406,False,False,neither
cx_img_avg_rms_std_dual_none_modrelu,cx_img_avg_rms_std_dual_none_modrelu,phase1_1184439_169,phase1,Image,0,average,rms,standard,modrelu,dual / none,dual,none,0.7544919829183788,0.11240805327896897,0.11240805327896897,True,True,both_above
cx_img_avg_rms_std_dual_none_magsilu,cx_img_avg_rms_std_dual_none_magsilu,phase1_1184439_170,phase1,Image,0,average,rms,standard,magnitude_silu,dual / none,dual,none,0.7624956355920822,0.14620069744399272,0.14620069744399272,True,True,both_above
cx_img_avg_rms_std_dual_none_crelu,cx_img_avg_rms_std_dual_none_crelu,phase1_1184439_171,phase1,Image,0,average,rms,standard,crelu,dual / none,dual,none,0.7490801171004217,0.1376477201756664,0.1376477201756664,True,True,both_above
cx_img_avg_rms_std_dual_none_card,cx_img_avg_rms_std_dual_none_card,phase1_1184439_172,phase1,Image,0,average,rms,standard,cardioid,dual / none,dual,none,0.7529073671205652,0.170004465526778,0.170004465526778,True,True,both_above
cx_img_avg_rms_std_dual_gate_modrelu,cx_img_avg_rms_std_dual_gate_modrelu,phase1_1184439_173,phase1,Image,0,average,rms,standard,modrelu,dual / modulus_gate,dual,modulus_gate,0.6416351086401848,0.07722691031337411,0.07722691031337411,False,False,neither
cx_img_avg_rms_std_dual_gate_magsilu,cx_img_avg_rms_std_dual_gate_magsilu,phase1_1184439_174,phase1,Image,0,average,rms,standard,magnitude_silu,dual / modulus_gate,dual,modulus_gate,0.7070475116160395,0.11311838055872071,0.11311838055872071,False,True,ap_only
cx_img_avg_rms_std_dual_gate_crelu,cx_img_avg_rms_std_dual_gate_crelu,phase1_1184439_175,phase1,Image,0,average,rms,standard,crelu,dual / modulus_gate,dual,modulus_gate,0.6665189482448365,0.10169313870849475,0.10169313870849475,False,False,neither
cx_img_avg_rms_std_dual_gate_card,cx_img_avg_rms_std_dual_gate_card,phase1_1184439_176,phase1,Image,0,average,rms,standard,cardioid,dual / modulus_gate,dual,modulus_gate,0.7081352563586065,0.1098521654864014,0.1098521654864014,False,True,ap_only
cx_img_avg_rms_std_dual_holo_modrelu,cx_img_avg_rms_std_dual_holo_modrelu,phase1_1184439_177,phase1,Image,0,average,rms,standard,modrelu,dual / holographic,dual,holographic,0.7442591249697849,0.16140571853055014,0.16140571853055014,True,True,both_above
cx_img_avg_rms_std_dual_holo_magsilu,cx_img_avg_rms_std_dual_holo_magsilu,phase1_1184439_178,phase1,Image,0,average,rms,standard,magnitude_silu,dual / holographic,dual,holographic,0.7031934037010179,0.11018438145252758,0.11018438145252758,False,True,ap_only
cx_img_avg_rms_std_dual_holo_crelu,cx_img_avg_rms_std_dual_holo_crelu,phase1_1184439_179,phase1,Image,0,average,rms,standard,crelu,dual / holographic,dual,holographic,0.6125882953294121,0.12693190574405422,0.12693190574405422,False,True,ap_only
cx_img_avg_rms_std_dual_holo_card,cx_img_avg_rms_std_dual_holo_card,phase1_1184439_180,phase1,Image,0,average,rms,standard,cardioid,dual / holographic,dual,holographic,0.726358338033465,0.10338862461572328,0.10338862461572328,False,False,neither
cx_img_avg_rms_wl_single_none_modrelu,cx_img_avg_rms_wl_single_none_modrelu,phase1_1184439_181,phase1,Image,0,average,rms,widely_linear,modrelu,complex_only / none,complex_only,none,0.7350468670265624,0.15065458696891398,0.15065458696891398,True,True,both_above
cx_img_avg_rms_wl_single_none_magsilu,cx_img_avg_rms_wl_single_none_magsilu,phase1_1184439_182,phase1,Image,0,average,rms,widely_linear,magnitude_silu,complex_only / none,complex_only,none,0.5411731528482797,0.07775409556649707,0.07775409556649707,False,False,neither
cx_img_avg_rms_wl_single_none_crelu,cx_img_avg_rms_wl_single_none_crelu,phase1_1184439_183,phase1,Image,0,average,rms,widely_linear,crelu,complex_only / none,complex_only,none,0.7266403459296861,0.18473856705285746,0.18473856705285746,False,True,ap_only
cx_img_avg_rms_wl_single_none_card,cx_img_avg_rms_wl_single_none_card,phase1_1184439_184,phase1,Image,0,average,rms,widely_linear,cardioid,complex_only / none,complex_only,none,0.6197459243144523,0.09604051822165158,0.09604051822165158,False,False,neither
cx_img_avg_rms_wl_single_holo_modrelu,cx_img_avg_rms_wl_single_holo_modrelu,phase1_1184439_185,phase1,Image,0,average,rms,widely_linear,modrelu,complex_only / holographic,complex_only,holographic,0.7072892326699433,0.1101217356633869,0.1101217356633869,False,True,ap_only
cx_img_avg_rms_wl_single_holo_magsilu,cx_img_avg_rms_wl_single_holo_magsilu,phase1_1184439_186,phase1,Image,0,average,rms,widely_linear,magnitude_silu,complex_only / holographic,complex_only,holographic,0.6620068219052991,0.09580930293271267,0.09580930293271267,False,False,neither
cx_img_avg_rms_wl_single_holo_crelu,cx_img_avg_rms_wl_single_holo_crelu,phase1_1184439_187,phase1,Image,0,average,rms,widely_linear,crelu,complex_only / holographic,complex_only,holographic,0.7540085408105712,0.12467844253221462,0.12467844253221462,True,True,both_above
cx_img_avg_rms_wl_single_holo_card,cx_img_avg_rms_wl_single_holo_card,phase1_1184439_188,phase1,Image,0,average,rms,widely_linear,cardioid,complex_only / holographic,complex_only,holographic,0.6427899981199473,0.07865655810618077,0.07865655810618077,False,False,neither
cx_img_avg_rms_wl_dual_none_modrelu,cx_img_avg_rms_wl_dual_none_modrelu,phase1_1184439_189,phase1,Image,0,average,rms,widely_linear,modrelu,dual / none,dual,none,0.7361748986114468,0.09422945551039298,0.09422945551039298,True,False,auc_only
cx_img_avg_rms_wl_dual_none_magsilu,cx_img_avg_rms_wl_dual_none_magsilu,phase1_1184439_190,phase1,Image,0,average,rms,widely_linear,magnitude_silu,dual / none,dual,none,0.7508393092149438,0.13226760647666835,0.13226760647666835,True,True,both_above
cx_img_avg_rms_wl_dual_none_crelu,cx_img_avg_rms_wl_dual_none_crelu,phase1_1184439_191,phase1,Image,0,average,rms,widely_linear,crelu,dual / none,dual,none,0.7560497408213145,0.13318496746302172,0.13318496746302172,True,True,both_above
cx_img_avg_rms_wl_dual_none_card,cx_img_avg_rms_wl_dual_none_card,phase1_1184439_192,phase1,Image,0,average,rms,widely_linear,cardioid,dual / none,dual,none,0.6800821851583272,0.1211312070221596,0.1211312070221596,False,True,ap_only
cx_img_avg_rms_wl_dual_gate_modrelu,cx_img_avg_rms_wl_dual_gate_modrelu,phase1_1184439_193,phase1,Image,0,average,rms,widely_linear,modrelu,dual / modulus_gate,dual,modulus_gate,0.754639701340209,0.14443387930793172,0.14443387930793172,True,True,both_above
cx_img_avg_rms_wl_dual_gate_magsilu,cx_img_avg_rms_wl_dual_gate_magsilu,phase1_1184439_194,phase1,Image,0,average,rms,widely_linear,magnitude_silu,dual / modulus_gate,dual,modulus_gate,0.7162329116643837,0.09652362068304239,0.09652362068304239,False,False,neither
cx_img_avg_rms_wl_dual_gate_crelu,cx_img_avg_rms_wl_dual_gate_crelu,phase1_1184439_195,phase1,Image,0,average,rms,widely_linear,crelu,dual / modulus_gate,dual,modulus_gate,0.749536701313351,0.11136640364120724,0.11136640364120724,True,True,both_above
cx_img_avg_rms_wl_dual_gate_card,cx_img_avg_rms_wl_dual_gate_card,phase1_1184439_196,phase1,Image,0,average,rms,widely_linear,cardioid,dual / modulus_gate,dual,modulus_gate,0.7330056670158194,0.10024023769317937,0.10024023769317937,True,False,auc_only
cx_img_avg_rms_wl_dual_holo_modrelu,cx_img_avg_rms_wl_dual_holo_modrelu,phase1_1184439_197,phase1,Image,0,average,rms,widely_linear,modrelu,dual / holographic,dual,holographic,0.7148228721832783,0.09629301882227849,0.09629301882227849,False,False,neither
cx_img_avg_rms_wl_dual_holo_magsilu,cx_img_avg_rms_wl_dual_holo_magsilu,phase1_1184439_198,phase1,Image,0,average,rms,widely_linear,magnitude_silu,dual / holographic,dual,holographic,0.7288829801520156,0.12653074109538198,0.12653074109538198,True,True,both_above
cx_img_avg_rms_wl_dual_holo_crelu,cx_img_avg_rms_wl_dual_holo_crelu,phase1_1184439_199,phase1,Image,0,average,rms,widely_linear,crelu,dual / holographic,dual,holographic,0.7005479010555152,0.12441955676987179,0.12441955676987179,False,True,ap_only
cx_img_avg_rms_wl_dual_holo_card,cx_img_avg_rms_wl_dual_holo_card,phase1_1184439_200,phase1,Image,0,average,rms,widely_linear,cardioid,dual / holographic,dual,holographic,0.7505707302661616,0.19495842671960922,0.19495842671960922,True,True,both_above
cx_img_avg_cbn_std_single_none_modrelu,cx_img_avg_cbn_std_single_none_modrelu,phase1_1184439_201,phase1,Image,0,average,batchnorm,standard,modrelu,complex_only / none,complex_only,none,0.7140842800741277,0.14363834871913517,0.14363834871913517,False,True,ap_only
cx_img_avg_cbn_std_single_none_magsilu,cx_img_avg_cbn_std_single_none_magsilu,phase1_1184439_202,phase1,Image,0,average,batchnorm,standard,magnitude_silu,complex_only / none,complex_only,none,0.6643166008648242,0.09012608542202923,0.09012608542202923,False,False,neither
cx_img_avg_cbn_std_single_none_crelu,cx_img_avg_cbn_std_single_none_crelu,phase1_1184439_203,phase1,Image,0,average,batchnorm,standard,crelu,complex_only / none,complex_only,none,0.7490532592055434,0.13891723211972093,0.13891723211972093,True,True,both_above
cx_img_avg_cbn_std_single_none_card,cx_img_avg_cbn_std_single_none_card,phase1_1184439_204,phase1,Image,0,average,batchnorm,standard,cardioid,complex_only / none,complex_only,none,0.7371283538796229,0.10111499289675424,0.10111499289675424,True,False,auc_only
cx_img_avg_cbn_std_single_holo_modrelu,cx_img_avg_cbn_std_single_holo_modrelu,phase1_1184439_205,phase1,Image,0,average,batchnorm,standard,modrelu,complex_only / holographic,complex_only,holographic,0.7494158407863991,0.11109518678116308,0.11109518678116308,True,True,both_above
cx_img_avg_cbn_std_single_holo_magsilu,cx_img_avg_cbn_std_single_holo_magsilu,phase1_1184439_206,phase1,Image,0,average,batchnorm,standard,magnitude_silu,complex_only / holographic,complex_only,holographic,0.5777938925147048,0.05456731868309066,0.05456731868309066,False,False,neither
cx_img_avg_cbn_std_single_holo_crelu,cx_img_avg_cbn_std_single_holo_crelu,phase1_1184439_207,phase1,Image,0,average,batchnorm,standard,crelu,complex_only / holographic,complex_only,holographic,0.6831708430693202,0.08348618008432396,0.08348618008432396,False,False,neither
cx_img_avg_cbn_std_single_holo_card,cx_img_avg_cbn_std_single_holo_card,phase1_1184439_208,phase1,Image,0,average,batchnorm,standard,cardioid,complex_only / holographic,complex_only,holographic,0.7882657857277147,0.13233660546361592,0.13233660546361592,True,True,both_above
cx_img_avg_cbn_std_dual_none_modrelu,cx_img_avg_cbn_std_dual_none_modrelu,phase1_1184439_209,phase1,Image,0,average,batchnorm,standard,modrelu,dual / none,dual,none,0.7548142776569173,0.1271929873926768,0.1271929873926768,True,True,both_above
cx_img_avg_cbn_std_dual_none_magsilu,cx_img_avg_cbn_std_dual_none_magsilu,phase1_1184439_210,phase1,Image,0,average,batchnorm,standard,magnitude_silu,dual / none,dual,none,0.7789460962049795,0.14855734845119958,0.14855734845119958,True,True,both_above
cx_img_avg_cbn_std_dual_none_crelu,cx_img_avg_cbn_std_dual_none_crelu,phase1_1184439_211,phase1,Image,0,average,batchnorm,standard,crelu,dual / none,dual,none,0.7766363172454543,0.1232940046475367,0.1232940046475367,True,True,both_above
cx_img_avg_cbn_std_dual_none_card,cx_img_avg_cbn_std_dual_none_card,phase1_1184439_212,phase1,Image,0,average,batchnorm,standard,cardioid,dual / none,dual,none,0.7323342196438644,0.11400523256598374,0.11400523256598374,True,True,both_above
cx_img_avg_cbn_std_dual_gate_modrelu,cx_img_avg_cbn_std_dual_gate_modrelu,phase1_1184439_213,phase1,Image,0,average,batchnorm,standard,modrelu,dual / modulus_gate,dual,modulus_gate,0.7514570407971423,0.10663327408875083,0.10663327408875083,True,True,both_above
cx_img_avg_cbn_std_dual_gate_magsilu,cx_img_avg_cbn_std_dual_gate_magsilu,phase1_1184439_214,phase1,Image,0,average,batchnorm,standard,magnitude_silu,dual / modulus_gate,dual,modulus_gate,0.7257808932935836,0.126498394276798,0.126498394276798,False,True,ap_only
cx_img_avg_cbn_std_dual_gate_crelu,cx_img_avg_cbn_std_dual_gate_crelu,phase1_1184439_215,phase1,Image,0,average,batchnorm,standard,crelu,dual / modulus_gate,dual,modulus_gate,0.7503827250020143,0.09315748715731584,0.09315748715731584,True,False,auc_only
cx_img_avg_cbn_std_dual_gate_card,cx_img_avg_cbn_std_dual_gate_card,phase1_1184439_216,phase1,Image,0,average,batchnorm,standard,cardioid,dual / modulus_gate,dual,modulus_gate,0.7525044986973921,0.15101612824042487,0.15101612824042487,True,True,both_above
cx_img_avg_cbn_std_dual_holo_modrelu,cx_img_avg_cbn_std_dual_holo_modrelu,phase1_1184439_217,phase1,Image,0,average,batchnorm,standard,modrelu,dual / holographic,dual,holographic,0.7074772379340907,0.09117196426390074,0.09117196426390074,False,False,neither
cx_img_avg_cbn_std_dual_holo_magsilu,cx_img_avg_cbn_std_dual_holo_magsilu,phase1_1184439_218,phase1,Image,0,average,batchnorm,standard,magnitude_silu,dual / holographic,dual,holographic,0.7604947224236565,0.14503591417043263,0.14503591417043263,True,True,both_above
cx_img_avg_cbn_std_dual_holo_crelu,cx_img_avg_cbn_std_dual_holo_crelu,phase1_1184439_219,phase1,Image,0,average,batchnorm,standard,crelu,dual / holographic,dual,holographic,0.7895818225767464,0.17951899015485048,0.17951899015485048,True,True,both_above
cx_img_avg_cbn_std_dual_holo_card,cx_img_avg_cbn_std_dual_holo_card,phase1_1184439_220,phase1,Image,0,average,batchnorm,standard,cardioid,dual / holographic,dual,holographic,0.7273117933016411,0.08737073377180633,0.08737073377180633,True,False,auc_only
cx_img_avg_cbn_wl_single_none_modrelu,cx_img_avg_cbn_wl_single_none_modrelu,phase1_1184439_221,phase1,Image,0,average,batchnorm,widely_linear,modrelu,complex_only / none,complex_only,none,0.6637391561249429,0.12957210625065638,0.12957210625065638,False,True,ap_only
cx_img_avg_cbn_wl_single_none_magsilu,cx_img_avg_cbn_wl_single_none_magsilu,phase1_1184439_222,phase1,Image,0,average,batchnorm,widely_linear,magnitude_silu,complex_only / none,complex_only,none,0.6094996374184192,0.07495047866488702,0.07495047866488702,False,False,neither
cx_img_avg_cbn_wl_single_none_crelu,cx_img_avg_cbn_wl_single_none_crelu,phase1_1184439_223,phase1,Image,0,average,batchnorm,widely_linear,crelu,complex_only / none,complex_only,none,0.7364031907179115,0.10644146246309097,0.10644146246309097,True,True,both_above
cx_img_avg_cbn_wl_single_none_card,cx_img_avg_cbn_wl_single_none_card,phase1_1184439_224,phase1,Image,0,average,batchnorm,widely_linear,cardioid,complex_only / none,complex_only,none,0.6738780114414632,0.08923761739302385,0.08923761739302385,False,False,neither
cx_img_avg_cbn_wl_single_holo_modrelu,cx_img_avg_cbn_wl_single_holo_modrelu,phase1_1184439_225,phase1,Image,0,average,batchnorm,widely_linear,modrelu,complex_only / holographic,complex_only,holographic,0.7100958826847151,0.12022576679691323,0.12022576679691323,False,True,ap_only
cx_img_avg_cbn_wl_single_holo_magsilu,cx_img_avg_cbn_wl_single_holo_magsilu,phase1_1184439_226,phase1,Image,0,average,batchnorm,widely_linear,magnitude_silu,complex_only / holographic,complex_only,holographic,0.6138506163886874,0.06383363926790468,0.06383363926790468,False,False,neither
cx_img_avg_cbn_wl_single_holo_crelu,cx_img_avg_cbn_wl_single_holo_crelu,phase1_1184439_227,phase1,Image,0,average,batchnorm,widely_linear,crelu,complex_only / holographic,complex_only,holographic,0.714916874815352,0.11710790820696027,0.11710790820696027,False,True,ap_only
cx_img_avg_cbn_wl_single_holo_card,cx_img_avg_cbn_wl_single_holo_card,phase1_1184439_228,phase1,Image,0,average,batchnorm,widely_linear,cardioid,complex_only / holographic,complex_only,holographic,0.7618779040098838,0.13523036531200336,0.13523036531200336,True,True,both_above
cx_img_avg_cbn_wl_dual_none_modrelu,cx_img_avg_cbn_wl_dual_none_modrelu,phase1_1184439_229,phase1,Image,0,average,batchnorm,widely_linear,modrelu,dual / none,dual,none,0.6559772245051433,0.0783737677100746,0.0783737677100746,False,False,neither
cx_img_avg_cbn_wl_dual_none_magsilu,cx_img_avg_cbn_wl_dual_none_magsilu,phase1_1184439_230,phase1,Image,0,average,batchnorm,widely_linear,magnitude_silu,dual / none,dual,none,0.7349662933419279,0.10014741090914586,0.10014741090914586,True,False,auc_only
cx_img_avg_cbn_wl_dual_none_crelu,cx_img_avg_cbn_wl_dual_none_crelu,phase1_1184439_231,phase1,Image,0,average,batchnorm,widely_linear,crelu,dual / none,dual,none,0.7387398275723148,0.12697517719836335,0.12697517719836335,True,True,both_above
cx_img_avg_cbn_wl_dual_none_card,cx_img_avg_cbn_wl_dual_none_card,phase1_1184439_232,phase1,Image,0,average,batchnorm,widely_linear,cardioid,dual / none,dual,none,0.7648054145516074,0.1604006416699755,0.1604006416699755,True,True,both_above
cx_img_avg_cbn_wl_dual_gate_modrelu,cx_img_avg_cbn_wl_dual_gate_modrelu,phase1_1184439_233,phase1,Image,0,average,batchnorm,widely_linear,modrelu,dual / modulus_gate,dual,modulus_gate,0.6686004350978969,0.08661068606980539,0.08661068606980539,False,False,neither
cx_img_avg_cbn_wl_dual_gate_magsilu,cx_img_avg_cbn_wl_dual_gate_magsilu,phase1_1184439_234,phase1,Image,0,average,batchnorm,widely_linear,magnitude_silu,dual / modulus_gate,dual,modulus_gate,0.756922622404856,0.18329653876617874,0.18329653876617874,True,True,both_above
cx_img_avg_cbn_wl_dual_gate_crelu,cx_img_avg_cbn_wl_dual_gate_crelu,phase1_1184439_235,phase1,Image,0,average,batchnorm,widely_linear,crelu,dual / modulus_gate,dual,modulus_gate,0.7328445196465501,0.10273130538075245,0.10273130538075245,True,False,auc_only
cx_img_avg_cbn_wl_dual_gate_card,cx_img_avg_cbn_wl_dual_gate_card,phase1_1184439_236,phase1,Image,0,average,batchnorm,widely_linear,cardioid,dual / modulus_gate,dual,modulus_gate,0.7892998146805253,0.2142406784274365,0.2142406784274365,True,True,both_above
cx_img_avg_cbn_wl_dual_holo_modrelu,cx_img_avg_cbn_wl_dual_holo_modrelu,phase1_1184439_237,phase1,Image,0,average,batchnorm,widely_linear,modrelu,dual / holographic,dual,holographic,0.7547605618671609,0.1616711610164555,0.1616711610164555,True,True,both_above
cx_img_avg_cbn_wl_dual_holo_magsilu,cx_img_avg_cbn_wl_dual_holo_magsilu,phase1_1184439_238,phase1,Image,0,average,batchnorm,widely_linear,magnitude_silu,dual / holographic,dual,holographic,0.782249617274998,0.14423741656260874,0.14423741656260874,True,True,both_above
cx_img_avg_cbn_wl_dual_holo_crelu,cx_img_avg_cbn_wl_dual_holo_crelu,phase1_1184439_239,phase1,Image,0,average,batchnorm,widely_linear,crelu,dual / holographic,dual,holographic,0.7639996777052616,0.16567355290981964,0.16567355290981964,True,True,both_above
cx_img_avg_cbn_wl_dual_holo_card,cx_img_avg_cbn_wl_dual_holo_card,phase1_1184439_240,phase1,Image,0,average,batchnorm,widely_linear,cardioid,dual / holographic,dual,holographic,0.6173018558805361,0.10526906219161258,0.10526906219161258,False,False,neither
cx_ksp_max_rms_std_single_none_modrelu,cx_ksp_max_rms_std_single_none_modrelu,phase1_1184439_241,phase1,Fourier,1,max,rms,standard,modrelu,complex_only / none,complex_only,none,0.6998093089463647,0.10521291194379107,0.10521291194379107,False,False,neither
cx_ksp_max_rms_std_single_none_magsilu,cx_ksp_max_rms_std_single_none_magsilu,phase1_1184439_242,phase1,Fourier,1,max,rms,standard,magnitude_silu,complex_only / none,complex_only,none,0.709800445841055,0.11205890586924455,0.11205890586924455,False,True,ap_only
cx_ksp_max_rms_std_single_none_crelu,cx_ksp_max_rms_std_single_none_crelu,phase1_1184439_243,phase1,Fourier,1,max,rms,standard,crelu,complex_only / none,complex_only,none,0.6223779980125158,0.10010703318862083,0.10010703318862083,False,False,neither
cx_ksp_max_rms_std_single_none_card,cx_ksp_max_rms_std_single_none_card,phase1_1184439_244,phase1,Fourier,1,max,rms,standard,cardioid,complex_only / none,complex_only,none,0.6256546611876561,0.0988337911172546,0.0988337911172546,False,False,neither
cx_ksp_max_rms_std_single_holo_modrelu,cx_ksp_max_rms_std_single_holo_modrelu,phase1_1184439_245,phase1,Fourier,1,max,rms,standard,modrelu,complex_only / holographic,complex_only,holographic,0.679504740418446,0.10540880465895212,0.10540880465895212,False,False,neither
cx_ksp_max_rms_std_single_holo_magsilu,cx_ksp_max_rms_std_single_holo_magsilu,phase1_1184439_246,phase1,Fourier,1,max,rms,standard,magnitude_silu,complex_only / holographic,complex_only,holographic,0.606934708457551,0.09609197871618785,0.09609197871618785,False,False,neither
cx_ksp_max_rms_std_single_holo_crelu,cx_ksp_max_rms_std_single_holo_crelu,phase1_1184439_247,phase1,Fourier,1,max,rms,standard,crelu,complex_only / holographic,complex_only,holographic,0.6734617140708511,0.09679632927020407,0.09679632927020407,False,False,neither
cx_ksp_max_rms_std_single_holo_card,cx_ksp_max_rms_std_single_holo_card,phase1_1184439_248,phase1,Fourier,1,max,rms,standard,cardioid,complex_only / holographic,complex_only,holographic,0.6188864716783499,0.11905165466352223,0.11905165466352223,False,True,ap_only
cx_ksp_max_rms_std_dual_none_modrelu,cx_ksp_max_rms_std_dual_none_modrelu,phase1_1184439_249,phase1,Fourier,1,max,rms,standard,modrelu,dual / none,dual,none,0.7010582010582009,0.12559567840283115,0.12559567840283115,False,True,ap_only
cx_ksp_max_rms_std_dual_none_magsilu,cx_ksp_max_rms_std_dual_none_magsilu,phase1_1184439_250,phase1,Fourier,1,max,rms,standard,magnitude_silu,dual / none,dual,none,0.6918325141675395,0.10224476895984297,0.10224476895984297,False,False,neither
cx_ksp_max_rms_std_dual_none_crelu,cx_ksp_max_rms_std_dual_none_crelu,phase1_1184439_251,phase1,Fourier,1,max,rms,standard,crelu,dual / none,dual,none,0.6262455348749765,0.08732120658719787,0.08732120658719787,False,False,neither
cx_ksp_max_rms_std_dual_none_card,cx_ksp_max_rms_std_dual_none_card,phase1_1184439_252,phase1,Fourier,1,max,rms,standard,cardioid,dual / none,dual,none,0.5597722450514329,0.06795915953937942,0.06795915953937942,False,False,neither
cx_ksp_max_rms_std_dual_gate_modrelu,cx_ksp_max_rms_std_dual_gate_modrelu,phase1_1184439_253,phase1,Fourier,1,max,rms,standard,modrelu,dual / modulus_gate,dual,modulus_gate,0.7454140144495475,0.15262602800846262,0.15262602800846262,True,True,both_above
cx_ksp_max_rms_std_dual_gate_magsilu,cx_ksp_max_rms_std_dual_gate_magsilu,phase1_1184439_254,phase1,Fourier,1,max,rms,standard,magnitude_silu,dual / modulus_gate,dual,modulus_gate,0.669540461418634,0.09058739231353047,0.09058739231353047,False,False,neither
cx_ksp_max_rms_std_dual_gate_crelu,cx_ksp_max_rms_std_dual_gate_crelu,phase1_1184439_255,phase1,Fourier,1,max,rms,standard,crelu,dual / modulus_gate,dual,modulus_gate,0.6480944323583918,0.09149654574025583,0.09149654574025583,False,False,neither
cx_ksp_max_rms_std_dual_gate_card,cx_ksp_max_rms_std_dual_gate_card,phase1_1184439_256,phase1,Fourier,1,max,rms,standard,cardioid,dual / modulus_gate,dual,modulus_gate,0.6533317218596407,0.09544314324744632,0.09544314324744632,False,False,neither
cx_ksp_max_rms_std_dual_holo_modrelu,cx_ksp_max_rms_std_dual_holo_modrelu,phase1_1184439_257,phase1,Fourier,1,max,rms,standard,modrelu,dual / holographic,dual,holographic,0.7026965326457711,0.09979637539437644,0.09979637539437644,False,False,neither
cx_ksp_max_rms_std_dual_holo_magsilu,cx_ksp_max_rms_std_dual_holo_magsilu,phase1_1184439_258,phase1,Fourier,1,max,rms,standard,magnitude_silu,dual / holographic,dual,holographic,0.5539440818628636,0.08681718860230302,0.08681718860230302,False,False,neither
cx_ksp_max_rms_std_dual_holo_crelu,cx_ksp_max_rms_std_dual_holo_crelu,phase1_1184439_259,phase1,Fourier,1,max,rms,standard,crelu,dual / holographic,dual,holographic,0.6599521929471168,0.08266423744369757,0.08266423744369757,False,False,neither
cx_ksp_max_rms_std_dual_holo_card,cx_ksp_max_rms_std_dual_holo_card,phase1_1184439_260,phase1,Fourier,1,max,rms,standard,cardioid,dual / holographic,dual,holographic,0.6026911610667955,0.07890412732743941,0.07890412732743941,False,False,neither
cx_ksp_max_rms_wl_single_none_modrelu,cx_ksp_max_rms_wl_single_none_modrelu,phase1_1184439_261,phase1,Fourier,1,max,rms,widely_linear,modrelu,complex_only / none,complex_only,none,0.6878306878306879,0.10414002784602212,0.10414002784602212,False,False,neither
cx_ksp_max_rms_wl_single_none_magsilu,cx_ksp_max_rms_wl_single_none_magsilu,phase1_1184439_262,phase1,Fourier,1,max,rms,widely_linear,magnitude_silu,complex_only / none,complex_only,none,0.7321327854322778,0.11370019627823687,0.11370019627823687,True,True,both_above
cx_ksp_max_rms_wl_single_none_crelu,cx_ksp_max_rms_wl_single_none_crelu,phase1_1184439_263,phase1,Fourier,1,max,rms,widely_linear,crelu,complex_only / none,complex_only,none,0.6504444981602341,0.08480696570421631,0.08480696570421631,False,False,neither
cx_ksp_max_rms_wl_single_none_card,cx_ksp_max_rms_wl_single_none_card,phase1_1184439_264,phase1,Fourier,1,max,rms,widely_linear,cardioid,complex_only / none,complex_only,none,0.6374184191443074,0.10045099242189677,0.10045099242189677,False,False,neither
cx_ksp_max_rms_wl_single_holo_modrelu,cx_ksp_max_rms_wl_single_holo_modrelu,phase1_1184439_265,phase1,Fourier,1,max,rms,widely_linear,modrelu,complex_only / holographic,complex_only,holographic,0.5597319582091156,0.06481619062850465,0.06481619062850465,False,False,neither
cx_ksp_max_rms_wl_single_holo_magsilu,cx_ksp_max_rms_wl_single_holo_magsilu,phase1_1184439_266,phase1,Fourier,1,max,rms,widely_linear,magnitude_silu,complex_only / holographic,complex_only,holographic,0.5586576424139876,0.07154098715051421,0.07154098715051421,False,False,neither
cx_ksp_max_rms_wl_single_holo_crelu,cx_ksp_max_rms_wl_single_holo_crelu,phase1_1184439_267,phase1,Fourier,1,max,rms,widely_linear,crelu,complex_only / holographic,complex_only,holographic,0.6353235033438079,0.07455854481684457,0.07455854481684457,False,False,neither
cx_ksp_max_rms_wl_single_holo_card,cx_ksp_max_rms_wl_single_holo_card,phase1_1184439_268,phase1,Fourier,1,max,rms,widely_linear,cardioid,complex_only / holographic,complex_only,holographic,0.6115005505868449,0.13498366067002912,0.13498366067002912,False,True,ap_only
cx_ksp_max_rms_wl_dual_none_modrelu,cx_ksp_max_rms_wl_dual_none_modrelu,phase1_1184439_269,phase1,Fourier,1,max,rms,widely_linear,modrelu,dual / none,dual,none,0.5990384873633605,0.08323588690036707,0.08323588690036707,False,False,neither
cx_ksp_max_rms_wl_dual_none_magsilu,cx_ksp_max_rms_wl_dual_none_magsilu,phase1_1184439_270,phase1,Fourier,1,max,rms,widely_linear,magnitude_silu,dual / none,dual,none,0.6218139822200736,0.07919403905077631,0.07919403905077631,False,False,neither
cx_ksp_max_rms_wl_dual_none_crelu,cx_ksp_max_rms_wl_dual_none_crelu,phase1_1184439_271,phase1,Fourier,1,max,rms,widely_linear,crelu,dual / none,dual,none,0.6136357532296618,0.07923349999522729,0.07923349999522729,False,False,neither
cx_ksp_max_rms_wl_dual_none_card,cx_ksp_max_rms_wl_dual_none_card,phase1_1184439_272,phase1,Fourier,1,max,rms,widely_linear,cardioid,dual / none,dual,none,0.6653506298176348,0.08622116808436676,0.08622116808436676,False,False,neither
cx_ksp_max_rms_wl_dual_gate_modrelu,cx_ksp_max_rms_wl_dual_gate_modrelu,phase1_1184439_273,phase1,Fourier,1,max,rms,widely_linear,modrelu,dual / modulus_gate,dual,modulus_gate,0.6640480219160422,0.08660817937640328,0.08660817937640328,False,False,neither
cx_ksp_max_rms_wl_dual_gate_magsilu,cx_ksp_max_rms_wl_dual_gate_magsilu,phase1_1184439_274,phase1,Fourier,1,max,rms,widely_linear,magnitude_silu,dual / modulus_gate,dual,modulus_gate,0.6951628931324363,0.09154468909108937,0.09154468909108937,False,False,neither
cx_ksp_max_rms_wl_dual_gate_crelu,cx_ksp_max_rms_wl_dual_gate_crelu,phase1_1184439_275,phase1,Fourier,1,max,rms,widely_linear,crelu,dual / modulus_gate,dual,modulus_gate,0.6740391588107324,0.08704877807203273,0.08704877807203273,False,False,neither
cx_ksp_max_rms_wl_dual_gate_card,cx_ksp_max_rms_wl_dual_gate_card,phase1_1184439_276,phase1,Fourier,1,max,rms,widely_linear,cardioid,dual / modulus_gate,dual,modulus_gate,0.6631617113850616,0.09733522581793241,0.09733522581793241,False,False,neither
cx_ksp_max_rms_wl_dual_holo_modrelu,cx_ksp_max_rms_wl_dual_holo_modrelu,phase1_1184439_277,phase1,Fourier,1,max,rms,widely_linear,modrelu,dual / holographic,dual,holographic,0.534190100179948,0.07126726977352013,0.07126726977352013,False,False,neither
cx_ksp_max_rms_wl_dual_holo_magsilu,cx_ksp_max_rms_wl_dual_holo_magsilu,phase1_1184439_278,phase1,Fourier,1,max,rms,widely_linear,magnitude_silu,dual / holographic,dual,holographic,0.6377944296726024,0.10886857599830435,0.10886857599830435,False,True,ap_only
cx_ksp_max_rms_wl_dual_holo_crelu,cx_ksp_max_rms_wl_dual_holo_crelu,phase1_1184439_279,phase1,Fourier,1,max,rms,widely_linear,crelu,dual / holographic,dual,holographic,0.6899793194209437,0.08772376344227628,0.08772376344227628,False,False,neither
cx_ksp_max_rms_wl_dual_holo_card,cx_ksp_max_rms_wl_dual_holo_card,phase1_1184439_280,phase1,Fourier,1,max,rms,widely_linear,cardioid,dual / holographic,dual,holographic,0.5946472215507748,0.08147603707326265,0.08147603707326265,False,False,neither
cx_ksp_max_cbn_std_single_none_modrelu,cx_ksp_max_cbn_std_single_none_modrelu,phase1_1184439_281,phase1,Fourier,1,max,batchnorm,standard,modrelu,complex_only / none,complex_only,none,0.6670158193000832,0.08634438066414098,0.08634438066414098,False,False,neither
cx_ksp_max_cbn_std_single_none_magsilu,cx_ksp_max_cbn_std_single_none_magsilu,phase1_1184439_282,phase1,Fourier,1,max,batchnorm,standard,magnitude_silu,complex_only / none,complex_only,none,0.7095050089973948,0.09629747247006615,0.09629747247006615,False,False,neither
cx_ksp_max_cbn_std_single_none_crelu,cx_ksp_max_cbn_std_single_none_crelu,phase1_1184439_283,phase1,Fourier,1,max,batchnorm,standard,crelu,complex_only / none,complex_only,none,0.65080707974109,0.10802957327385078,0.10802957327385078,False,True,ap_only
cx_ksp_max_cbn_std_single_none_card,cx_ksp_max_cbn_std_single_none_card,phase1_1184439_284,phase1,Fourier,1,max,batchnorm,standard,cardioid,complex_only / none,complex_only,none,0.6651760535009267,0.11877598331487654,0.11877598331487654,False,True,ap_only
cx_ksp_max_cbn_std_single_holo_modrelu,cx_ksp_max_cbn_std_single_holo_modrelu,phase1_1184439_285,phase1,Fourier,1,max,batchnorm,standard,modrelu,complex_only / holographic,complex_only,holographic,0.6586630139929632,0.07377732036079068,0.07377732036079068,False,False,neither
cx_ksp_max_cbn_std_single_holo_magsilu,cx_ksp_max_cbn_std_single_holo_magsilu,phase1_1184439_286,phase1,Fourier,1,max,batchnorm,standard,magnitude_silu,complex_only / holographic,complex_only,holographic,0.7145677221819353,0.11348643434291057,0.11348643434291057,False,True,ap_only
cx_ksp_max_cbn_std_single_holo_crelu,cx_ksp_max_cbn_std_single_holo_crelu,phase1_1184439_287,phase1,Fourier,1,max,batchnorm,standard,crelu,complex_only / holographic,complex_only,holographic,0.6385464507291918,0.09263073605117819,0.09263073605117819,False,False,neither
cx_ksp_max_cbn_std_single_holo_card,cx_ksp_max_cbn_std_single_holo_card,phase1_1184439_288,phase1,Fourier,1,max,batchnorm,standard,cardioid,complex_only / holographic,complex_only,holographic,0.6637660140198212,0.0867778889579188,0.0867778889579188,False,False,neither
cx_ksp_max_cbn_std_dual_none_modrelu,cx_ksp_max_cbn_std_dual_none_modrelu,phase1_1184439_289,phase1,Fourier,1,max,batchnorm,standard,modrelu,dual / none,dual,none,0.6576692718824698,0.09380469651281485,0.09380469651281485,False,False,neither
cx_ksp_max_cbn_std_dual_none_magsilu,cx_ksp_max_cbn_std_dual_none_magsilu,phase1_1184439_290,phase1,Fourier,1,max,batchnorm,standard,magnitude_silu,dual / none,dual,none,0.7024413826444283,0.1254995475686963,0.1254995475686963,False,True,ap_only
cx_ksp_max_cbn_std_dual_none_crelu,cx_ksp_max_cbn_std_dual_none_crelu,phase1_1184439_291,phase1,Fourier,1,max,batchnorm,standard,crelu,dual / none,dual,none,0.5795127977869096,0.08328530800773806,0.08328530800773806,False,False,neither
cx_ksp_max_cbn_std_dual_none_card,cx_ksp_max_cbn_std_dual_none_card,phase1_1184439_292,phase1,Fourier,1,max,batchnorm,standard,cardioid,dual / none,dual,none,0.6146563532350334,0.07270502054787871,0.07270502054787871,False,False,neither
cx_ksp_max_cbn_std_dual_gate_modrelu,cx_ksp_max_cbn_std_dual_gate_modrelu,phase1_1184439_293,phase1,Fourier,1,max,batchnorm,standard,modrelu,dual / modulus_gate,dual,modulus_gate,0.7264657696129777,0.12233433505002203,0.12233433505002203,False,True,ap_only
cx_ksp_max_cbn_std_dual_gate_magsilu,cx_ksp_max_cbn_std_dual_gate_magsilu,phase1_1184439_294,phase1,Fourier,1,max,batchnorm,standard,magnitude_silu,dual / modulus_gate,dual,modulus_gate,0.6034834689657025,0.0779393553581355,0.0779393553581355,False,False,neither
cx_ksp_max_cbn_std_dual_gate_crelu,cx_ksp_max_cbn_std_dual_gate_crelu,phase1_1184439_295,phase1,Fourier,1,max,batchnorm,standard,crelu,dual / modulus_gate,dual,modulus_gate,0.6499207692101092,0.11817204109639703,0.11817204109639703,False,True,ap_only
cx_ksp_max_cbn_std_dual_gate_card,cx_ksp_max_cbn_std_dual_gate_card,phase1_1184439_296,phase1,Fourier,1,max,batchnorm,standard,cardioid,dual / modulus_gate,dual,modulus_gate,0.6713399403754734,0.10099561666975451,0.10099561666975451,False,False,neither
cx_ksp_max_cbn_std_dual_holo_modrelu,cx_ksp_max_cbn_std_dual_holo_modrelu,phase1_1184439_297,phase1,Fourier,1,max,batchnorm,standard,modrelu,dual / holographic,dual,holographic,0.6181613085166384,0.06842700143286712,0.06842700143286712,False,False,neither
cx_ksp_max_cbn_std_dual_holo_magsilu,cx_ksp_max_cbn_std_dual_holo_magsilu,phase1_1184439_298,phase1,Fourier,1,max,batchnorm,standard,magnitude_silu,dual / holographic,dual,holographic,0.6614696640077351,0.08289975730804253,0.08289975730804253,False,False,neither
cx_ksp_max_cbn_std_dual_holo_crelu,cx_ksp_max_cbn_std_dual_holo_crelu,phase1_1184439_299,phase1,Fourier,1,max,batchnorm,standard,crelu,dual / holographic,dual,holographic,0.5478607686729514,0.05731347181978571,0.05731347181978571,False,False,neither
cx_ksp_max_cbn_std_dual_holo_card,cx_ksp_max_cbn_std_dual_holo_card,phase1_1184439_300,phase1,Fourier,1,max,batchnorm,standard,cardioid,dual / holographic,dual,holographic,0.5763301372438427,0.05881576946644124,0.05881576946644124,False,False,neither
cx_ksp_max_cbn_wl_single_none_modrelu,cx_ksp_max_cbn_wl_single_none_modrelu,phase1_1184439_301,phase1,Fourier,1,max,batchnorm,widely_linear,modrelu,complex_only / none,complex_only,none,0.7268686380361506,0.09748147411496942,0.09748147411496942,True,False,auc_only
cx_ksp_max_cbn_wl_single_none_magsilu,cx_ksp_max_cbn_wl_single_none_magsilu,phase1_1184439_302,phase1,Fourier,1,max,batchnorm,widely_linear,magnitude_silu,complex_only / none,complex_only,none,0.6620336798001771,0.09994597994906884,0.09994597994906884,False,False,neither
cx_ksp_max_cbn_wl_single_none_crelu,cx_ksp_max_cbn_wl_single_none_crelu,phase1_1184439_303,phase1,Fourier,1,max,batchnorm,widely_linear,crelu,complex_only / none,complex_only,none,0.6731125614374345,0.08488622572831625,0.08488622572831625,False,False,neither
cx_ksp_max_cbn_wl_single_none_card,cx_ksp_max_cbn_wl_single_none_card,phase1_1184439_304,phase1,Fourier,1,max,batchnorm,widely_linear,cardioid,complex_only / none,complex_only,none,0.6701179061585153,0.12723444913743173,0.12723444913743173,False,True,ap_only
cx_ksp_max_cbn_wl_single_holo_modrelu,cx_ksp_max_cbn_wl_single_holo_modrelu,phase1_1184439_305,phase1,Fourier,1,max,batchnorm,widely_linear,modrelu,complex_only / holographic,complex_only,holographic,0.5036929605457524,0.06255374280475025,0.06255374280475025,False,False,neither
cx_ksp_max_cbn_wl_single_holo_magsilu,cx_ksp_max_cbn_wl_single_holo_magsilu,phase1_1184439_306,phase1,Fourier,1,max,batchnorm,widely_linear,magnitude_silu,complex_only / holographic,complex_only,holographic,0.6664786614025192,0.0850384182326248,0.0850384182326248,False,False,neither
cx_ksp_max_cbn_wl_single_holo_crelu,cx_ksp_max_cbn_wl_single_holo_crelu,phase1_1184439_307,phase1,Fourier,1,max,batchnorm,widely_linear,crelu,complex_only / holographic,complex_only,holographic,0.6465366744554562,0.14122464579872399,0.14122464579872399,False,True,ap_only
cx_ksp_max_cbn_wl_single_holo_card,cx_ksp_max_cbn_wl_single_holo_card,phase1_1184439_308,phase1,Fourier,1,max,batchnorm,widely_linear,cardioid,complex_only / holographic,complex_only,holographic,0.67452260091854,0.1001220644258423,0.1001220644258423,False,False,neither
cx_ksp_max_cbn_wl_dual_none_modrelu,cx_ksp_max_cbn_wl_dual_none_modrelu,phase1_1184439_309,phase1,Fourier,1,max,batchnorm,widely_linear,modrelu,dual / none,dual,none,0.638304729675288,0.08198203235071799,0.08198203235071799,False,False,neither
cx_ksp_max_cbn_wl_dual_none_magsilu,cx_ksp_max_cbn_wl_dual_none_magsilu,phase1_1184439_310,phase1,Fourier,1,max,batchnorm,widely_linear,magnitude_silu,dual / none,dual,none,0.5849918083420622,0.05960884368856409,0.05960884368856409,False,False,neither
cx_ksp_max_cbn_wl_dual_none_crelu,cx_ksp_max_cbn_wl_dual_none_crelu,phase1_1184439_311,phase1,Fourier,1,max,batchnorm,widely_linear,crelu,dual / none,dual,none,0.5657615556092714,0.06612887677996963,0.06612887677996963,False,False,neither
cx_ksp_max_cbn_wl_dual_none_card,cx_ksp_max_cbn_wl_dual_none_card,phase1_1184439_312,phase1,Fourier,1,max,batchnorm,widely_linear,cardioid,dual / none,dual,none,0.6758453522412914,0.08127613809780693,0.08127613809780693,False,False,neither
cx_ksp_max_cbn_wl_dual_gate_modrelu,cx_ksp_max_cbn_wl_dual_gate_modrelu,phase1_1184439_313,phase1,Fourier,1,max,batchnorm,widely_linear,modrelu,dual / modulus_gate,dual,modulus_gate,0.622539145381785,0.07384895473621624,0.07384895473621624,False,False,neither
cx_ksp_max_cbn_wl_dual_gate_magsilu,cx_ksp_max_cbn_wl_dual_gate_magsilu,phase1_1184439_314,phase1,Fourier,1,max,batchnorm,widely_linear,magnitude_silu,dual / modulus_gate,dual,modulus_gate,0.6018988531678887,0.08500350252162739,0.08500350252162739,False,False,neither
cx_ksp_max_cbn_wl_dual_gate_crelu,cx_ksp_max_cbn_wl_dual_gate_crelu,phase1_1184439_315,phase1,Fourier,1,max,batchnorm,widely_linear,crelu,dual / modulus_gate,dual,modulus_gate,0.6177852979883437,0.09568752370880698,0.09568752370880698,False,False,neither
cx_ksp_max_cbn_wl_dual_gate_card,cx_ksp_max_cbn_wl_dual_gate_card,phase1_1184439_316,phase1,Fourier,1,max,batchnorm,widely_linear,cardioid,dual / modulus_gate,dual,modulus_gate,0.6158515295571133,0.08426084430643693,0.08426084430643693,False,False,neither
cx_ksp_max_cbn_wl_dual_holo_modrelu,cx_ksp_max_cbn_wl_dual_holo_modrelu,phase1_1184439_317,phase1,Fourier,1,max,batchnorm,widely_linear,modrelu,dual / holographic,dual,holographic,0.6188327558885934,0.07259066943275579,0.07259066943275579,False,False,neither
cx_ksp_max_cbn_wl_dual_holo_magsilu,cx_ksp_max_cbn_wl_dual_holo_magsilu,phase1_1184439_318,phase1,Fourier,1,max,batchnorm,widely_linear,magnitude_silu,dual / holographic,dual,holographic,0.624029758547525,0.06890572246454568,0.06890572246454568,False,False,neither
cx_ksp_max_cbn_wl_dual_holo_crelu,cx_ksp_max_cbn_wl_dual_holo_crelu,phase1_1184439_319,phase1,Fourier,1,max,batchnorm,widely_linear,crelu,dual / holographic,dual,holographic,0.6380898665162624,0.08010256219245665,0.08010256219245665,False,False,neither
cx_ksp_max_cbn_wl_dual_holo_card,cx_ksp_max_cbn_wl_dual_holo_card,phase1_1184439_320,phase1,Fourier,1,max,batchnorm,widely_linear,cardioid,dual / holographic,dual,holographic,0.6809953535841861,0.09555008192595271,0.09555008192595271,False,False,neither
cx_ksp_med_rms_std_single_none_modrelu,cx_ksp_med_rms_std_single_none_modrelu,phase1_1184439_321,phase1,Fourier,1,median,rms,standard,modrelu,complex_only / none,complex_only,none,0.5960438320844412,0.07008032687538684,0.07008032687538684,False,False,neither
cx_ksp_med_rms_std_single_none_magsilu,cx_ksp_med_rms_std_single_none_magsilu,phase1_1184439_322,phase1,Fourier,1,median,rms,standard,magnitude_silu,complex_only / none,complex_only,none,0.6218005532726345,0.06890947130908578,0.06890947130908578,False,False,neither
cx_ksp_med_rms_std_single_none_crelu,cx_ksp_med_rms_std_single_none_crelu,phase1_1184439_323,phase1,Fourier,1,median,rms,standard,crelu,complex_only / none,complex_only,none,0.6118094163779443,0.07752600163514142,0.07752600163514142,False,False,neither
cx_ksp_med_rms_std_single_none_card,cx_ksp_med_rms_std_single_none_card,phase1_1184439_324,phase1,Fourier,1,median,rms,standard,cardioid,complex_only / none,complex_only,none,0.5117771869040904,0.11133373215218513,0.11133373215218513,False,True,ap_only
cx_ksp_med_rms_std_single_holo_modrelu,cx_ksp_med_rms_std_single_holo_modrelu,phase1_1184439_325,phase1,Fourier,1,median,rms,standard,modrelu,complex_only / holographic,complex_only,holographic,0.7354631643971745,0.1286799784633964,0.1286799784633964,True,True,both_above
cx_ksp_med_rms_std_single_holo_magsilu,cx_ksp_med_rms_std_single_holo_magsilu,phase1_1184439_326,phase1,Fourier,1,median,rms,standard,magnitude_silu,complex_only / holographic,complex_only,holographic,0.6103188032122042,0.09585316410754219,0.09585316410754219,False,False,neither
cx_ksp_med_rms_std_single_holo_crelu,cx_ksp_med_rms_std_single_holo_crelu,phase1_1184439_327,phase1,Fourier,1,median,rms,standard,crelu,complex_only / holographic,complex_only,holographic,0.6111245400585502,0.07185767717807982,0.07185767717807982,False,False,neither
cx_ksp_med_rms_std_single_holo_card,cx_ksp_med_rms_std_single_holo_card,phase1_1184439_328,phase1,Fourier,1,median,rms,standard,cardioid,complex_only / holographic,complex_only,holographic,0.6547149034458679,0.08163937753512303,0.08163937753512303,False,False,neither
cx_ksp_med_rms_std_dual_none_modrelu,cx_ksp_med_rms_std_dual_none_modrelu,phase1_1184439_329,phase1,Fourier,1,median,rms,standard,modrelu,dual / none,dual,none,0.5818360056938737,0.061953090412304165,0.061953090412304165,False,False,neither
cx_ksp_med_rms_std_dual_none_magsilu,cx_ksp_med_rms_std_dual_none_magsilu,phase1_1184439_330,phase1,Fourier,1,median,rms,standard,magnitude_silu,dual / none,dual,none,0.5789756398893454,0.0919201349578494,0.0919201349578494,False,False,neither
cx_ksp_med_rms_std_dual_none_crelu,cx_ksp_med_rms_std_dual_none_crelu,phase1_1184439_331,phase1,Fourier,1,median,rms,standard,crelu,dual / none,dual,none,0.548075631831977,0.06288710384194629,0.06288710384194629,False,False,neither
cx_ksp_med_rms_std_dual_none_card,cx_ksp_med_rms_std_dual_none_card,phase1_1184439_332,phase1,Fourier,1,median,rms,standard,cardioid,dual / none,dual,none,0.522090618537319,0.10582381647225277,0.10582381647225277,False,False,neither
cx_ksp_med_rms_std_dual_gate_modrelu,cx_ksp_med_rms_std_dual_gate_modrelu,phase1_1184439_333,phase1,Fourier,1,median,rms,standard,modrelu,dual / modulus_gate,dual,modulus_gate,0.6458920849783794,0.09198770135974374,0.09198770135974374,False,False,neither
cx_ksp_med_rms_std_dual_gate_magsilu,cx_ksp_med_rms_std_dual_gate_magsilu,phase1_1184439_334,phase1,Fourier,1,median,rms,standard,magnitude_silu,dual / modulus_gate,dual,modulus_gate,0.5807482609513067,0.0929596539994537,0.0929596539994537,False,False,neither
cx_ksp_med_rms_std_dual_gate_crelu,cx_ksp_med_rms_std_dual_gate_crelu,phase1_1184439_335,phase1,Fourier,1,median,rms,standard,crelu,dual / modulus_gate,dual,modulus_gate,0.6483227244648565,0.11538527353121877,0.11538527353121877,False,True,ap_only
cx_ksp_med_rms_std_dual_gate_card,cx_ksp_med_rms_std_dual_gate_card,phase1_1184439_336,phase1,Fourier,1,median,rms,standard,cardioid,dual / modulus_gate,dual,modulus_gate,0.725700319608949,0.09910545661679063,0.09910545661679063,False,False,neither
cx_ksp_med_rms_std_dual_holo_modrelu,cx_ksp_med_rms_std_dual_holo_modrelu,phase1_1184439_337,phase1,Fourier,1,median,rms,standard,modrelu,dual / holographic,dual,holographic,0.6232105927537399,0.08343127022510319,0.08343127022510319,False,False,neither
cx_ksp_med_rms_std_dual_holo_magsilu,cx_ksp_med_rms_std_dual_holo_magsilu,phase1_1184439_338,phase1,Fourier,1,median,rms,standard,magnitude_silu,dual / holographic,dual,holographic,0.5338140896516531,0.056750204522598324,0.056750204522598324,False,False,neither
cx_ksp_med_rms_std_dual_holo_crelu,cx_ksp_med_rms_std_dual_holo_crelu,phase1_1184439_339,phase1,Fourier,1,median,rms,standard,crelu,dual / holographic,dual,holographic,0.5593693766282599,0.0604901461458542,0.0604901461458542,False,False,neither
cx_ksp_med_rms_std_dual_holo_card,cx_ksp_med_rms_std_dual_holo_card,phase1_1184439_340,phase1,Fourier,1,median,rms,standard,cardioid,dual / holographic,dual,holographic,0.5816480004297263,0.06515843019673027,0.06515843019673027,False,False,neither
cx_ksp_med_rms_wl_single_none_modrelu,cx_ksp_med_rms_wl_single_none_modrelu,phase1_1184439_341,phase1,Fourier,1,median,rms,widely_linear,modrelu,complex_only / none,complex_only,none,0.7414927617973303,0.11929587686999316,0.11929587686999316,True,True,both_above
cx_ksp_med_rms_wl_single_none_magsilu,cx_ksp_med_rms_wl_single_none_magsilu,phase1_1184439_342,phase1,Fourier,1,median,rms,widely_linear,magnitude_silu,complex_only / none,complex_only,none,0.6928934010152284,0.10353669291302334,0.10353669291302334,False,False,neither
cx_ksp_med_rms_wl_single_none_crelu,cx_ksp_med_rms_wl_single_none_crelu,phase1_1184439_343,phase1,Fourier,1,median,rms,widely_linear,crelu,complex_only / none,complex_only,none,0.5802245320011817,0.07367182517562482,0.07367182517562482,False,False,neither
cx_ksp_med_rms_wl_single_none_card,cx_ksp_med_rms_wl_single_none_card,phase1_1184439_344,phase1,Fourier,1,median,rms,widely_linear,cardioid,complex_only / none,complex_only,none,0.6234388848602047,0.09724480045947795,0.09724480045947795,False,False,neither
cx_ksp_med_rms_wl_single_holo_modrelu,cx_ksp_med_rms_wl_single_holo_modrelu,phase1_1184439_345,phase1,Fourier,1,median,rms,widely_linear,modrelu,complex_only / holographic,complex_only,holographic,0.5166518948244837,0.0559004995215068,0.0559004995215068,False,False,neither
cx_ksp_med_rms_wl_single_holo_magsilu,cx_ksp_med_rms_wl_single_holo_magsilu,phase1_1184439_346,phase1,Fourier,1,median,rms,widely_linear,magnitude_silu,complex_only / holographic,complex_only,holographic,0.546719308140628,0.05603838826084412,0.05603838826084412,False,False,neither
cx_ksp_med_rms_wl_single_holo_crelu,cx_ksp_med_rms_wl_single_holo_crelu,phase1_1184439_347,phase1,Fourier,1,median,rms,widely_linear,crelu,complex_only / holographic,complex_only,holographic,0.5206805790562136,0.08219009084036927,0.08219009084036927,False,False,neither
cx_ksp_med_rms_wl_single_holo_card,cx_ksp_med_rms_wl_single_holo_card,phase1_1184439_348,phase1,Fourier,1,median,rms,widely_linear,cardioid,complex_only / holographic,complex_only,holographic,0.6277630059355948,0.09181350391599138,0.09181350391599138,False,False,neither
cx_ksp_med_rms_wl_dual_none_modrelu,cx_ksp_med_rms_wl_dual_none_modrelu,phase1_1184439_349,phase1,Fourier,1,median,rms,widely_linear,modrelu,dual / none,dual,none,0.6528751376467112,0.07709142030279682,0.07709142030279682,False,False,neither
cx_ksp_med_rms_wl_dual_none_magsilu,cx_ksp_med_rms_wl_dual_none_magsilu,phase1_1184439_350,phase1,Fourier,1,median,rms,widely_linear,magnitude_silu,dual / none,dual,none,0.6068272768780383,0.07035938592551486,0.07035938592551486,False,False,neither
cx_ksp_med_rms_wl_dual_none_crelu,cx_ksp_med_rms_wl_dual_none_crelu,phase1_1184439_351,phase1,Fourier,1,median,rms,widely_linear,crelu,dual / none,dual,none,0.6147503558671071,0.1028334073592517,0.1028334073592517,False,False,neither
cx_ksp_med_rms_wl_dual_none_card,cx_ksp_med_rms_wl_dual_none_card,phase1_1184439_352,phase1,Fourier,1,median,rms,widely_linear,cardioid,dual / none,dual,none,0.6480944323583918,0.08250734421045627,0.08250734421045627,False,False,neither
cx_ksp_med_rms_wl_dual_gate_modrelu,cx_ksp_med_rms_wl_dual_gate_modrelu,phase1_1184439_353,phase1,Fourier,1,median,rms,widely_linear,modrelu,dual / modulus_gate,dual,modulus_gate,0.5939489162839416,0.10061459307586929,0.10061459307586929,False,False,neither
cx_ksp_med_rms_wl_dual_gate_magsilu,cx_ksp_med_rms_wl_dual_gate_magsilu,phase1_1184439_354,phase1,Fourier,1,median,rms,widely_linear,magnitude_silu,dual / modulus_gate,dual,modulus_gate,0.5873284451964655,0.09210007327751948,0.09210007327751948,False,False,neither
cx_ksp_med_rms_wl_dual_gate_crelu,cx_ksp_med_rms_wl_dual_gate_crelu,phase1_1184439_355,phase1,Fourier,1,median,rms,widely_linear,crelu,dual / modulus_gate,dual,modulus_gate,0.5955335320817554,0.07485871888983323,0.07485871888983323,False,False,neither
cx_ksp_med_rms_wl_dual_gate_card,cx_ksp_med_rms_wl_dual_gate_card,phase1_1184439_356,phase1,Fourier,1,median,rms,widely_linear,cardioid,dual / modulus_gate,dual,modulus_gate,0.7341471275481428,0.1205038444973825,0.1205038444973825,True,True,both_above
cx_ksp_med_rms_wl_dual_holo_modrelu,cx_ksp_med_rms_wl_dual_holo_modrelu,phase1_1184439_357,phase1,Fourier,1,median,rms,widely_linear,modrelu,dual / holographic,dual,holographic,0.616898987457363,0.1375725066494012,0.1375725066494012,False,True,ap_only
cx_ksp_med_rms_wl_dual_holo_magsilu,cx_ksp_med_rms_wl_dual_holo_magsilu,phase1_1184439_358,phase1,Fourier,1,median,rms,widely_linear,magnitude_silu,dual / holographic,dual,holographic,0.6217871243251953,0.08898110331761425,0.08898110331761425,False,False,neither
cx_ksp_med_rms_wl_dual_holo_crelu,cx_ksp_med_rms_wl_dual_holo_crelu,phase1_1184439_359,phase1,Fourier,1,median,rms,widely_linear,crelu,dual / holographic,dual,holographic,0.6739854430209761,0.10136990165033233,0.10136990165033233,False,False,neither
cx_ksp_med_rms_wl_dual_holo_card,cx_ksp_med_rms_wl_dual_holo_card,phase1_1184439_360,phase1,Fourier,1,median,rms,widely_linear,cardioid,dual / holographic,dual,holographic,0.6659549324523943,0.08817369423340095,0.08817369423340095,False,False,neither
cx_ksp_med_cbn_std_single_none_modrelu,cx_ksp_med_cbn_std_single_none_modrelu,phase1_1184439_361,phase1,Fourier,1,median,batchnorm,standard,modrelu,complex_only / none,complex_only,none,0.7213359116912417,0.11210094679728415,0.11210094679728415,False,True,ap_only
cx_ksp_med_cbn_std_single_none_magsilu,cx_ksp_med_cbn_std_single_none_magsilu,phase1_1184439_362,phase1,Fourier,1,median,batchnorm,standard,magnitude_silu,complex_only / none,complex_only,none,0.6587301587301587,0.0901904386539371,0.0901904386539371,False,False,neither
cx_ksp_med_cbn_std_single_none_crelu,cx_ksp_med_cbn_std_single_none_crelu,phase1_1184439_363,phase1,Fourier,1,median,batchnorm,standard,crelu,complex_only / none,complex_only,none,0.7395052775763435,0.11145966682117026,0.11145966682117026,True,True,both_above
cx_ksp_med_cbn_std_single_none_card,cx_ksp_med_cbn_std_single_none_card,phase1_1184439_364,phase1,Fourier,1,median,batchnorm,standard,cardioid,complex_only / none,complex_only,none,0.6488330244675422,0.07697471493915499,0.07697471493915499,False,False,neither
cx_ksp_med_cbn_std_single_holo_modrelu,cx_ksp_med_cbn_std_single_holo_modrelu,phase1_1184439_365,phase1,Fourier,1,median,batchnorm,standard,modrelu,complex_only / holographic,complex_only,holographic,0.6641017377057986,0.08820982893153802,0.08820982893153802,False,False,neither
cx_ksp_med_cbn_std_single_holo_magsilu,cx_ksp_med_cbn_std_single_holo_magsilu,phase1_1184439_366,phase1,Fourier,1,median,batchnorm,standard,magnitude_silu,complex_only / holographic,complex_only,holographic,0.7176966669352456,0.10190953638443151,0.10190953638443151,False,False,neither
cx_ksp_med_cbn_std_single_holo_crelu,cx_ksp_med_cbn_std_single_holo_crelu,phase1_1184439_367,phase1,Fourier,1,median,batchnorm,standard,crelu,complex_only / holographic,complex_only,holographic,0.693793140493648,0.1469923231237271,0.1469923231237271,False,True,ap_only
cx_ksp_med_cbn_std_single_holo_card,cx_ksp_med_cbn_std_single_holo_card,phase1_1184439_368,phase1,Fourier,1,median,batchnorm,standard,cardioid,complex_only / holographic,complex_only,holographic,0.6242580506539898,0.10242926153507628,0.10242926153507628,False,False,neither
cx_ksp_med_cbn_std_dual_none_modrelu,cx_ksp_med_cbn_std_dual_none_modrelu,phase1_1184439_369,phase1,Fourier,1,median,batchnorm,standard,modrelu,dual / none,dual,none,0.613649182177101,0.08442646897604439,0.08442646897604439,False,False,neither
cx_ksp_med_cbn_std_dual_none_magsilu,cx_ksp_med_cbn_std_dual_none_magsilu,phase1_1184439_370,phase1,Fourier,1,median,batchnorm,standard,magnitude_silu,dual / none,dual,none,0.5740203582843176,0.058550747556327304,0.058550747556327304,False,False,neither
cx_ksp_med_cbn_std_dual_none_crelu,cx_ksp_med_cbn_std_dual_none_crelu,phase1_1184439_371,phase1,Fourier,1,median,batchnorm,standard,crelu,dual / none,dual,none,0.5688233556253861,0.07754991590108937,0.07754991590108937,False,False,neither
cx_ksp_med_cbn_std_dual_none_card,cx_ksp_med_cbn_std_dual_none_card,phase1_1184439_372,phase1,Fourier,1,median,batchnorm,standard,cardioid,dual / none,dual,none,0.6492358928907153,0.0887911424892342,0.0887911424892342,False,False,neither
cx_ksp_med_cbn_std_dual_gate_modrelu,cx_ksp_med_cbn_std_dual_gate_modrelu,phase1_1184439_373,phase1,Fourier,1,median,batchnorm,standard,modrelu,dual / modulus_gate,dual,modulus_gate,0.6277361480407165,0.08350860348012125,0.08350860348012125,False,False,neither
cx_ksp_med_cbn_std_dual_gate_magsilu,cx_ksp_med_cbn_std_dual_gate_magsilu,phase1_1184439_374,phase1,Fourier,1,median,batchnorm,standard,magnitude_silu,dual / modulus_gate,dual,modulus_gate,0.637633282303333,0.07517564456457662,0.07517564456457662,False,False,neither
cx_ksp_med_cbn_std_dual_gate_crelu,cx_ksp_med_cbn_std_dual_gate_crelu,phase1_1184439_375,phase1,Fourier,1,median,batchnorm,standard,crelu,dual / modulus_gate,dual,modulus_gate,0.6616308113770042,0.09309186072231239,0.09309186072231239,False,False,neither
cx_ksp_med_cbn_std_dual_gate_card,cx_ksp_med_cbn_std_dual_gate_card,phase1_1184439_376,phase1,Fourier,1,median,batchnorm,standard,cardioid,dual / modulus_gate,dual,modulus_gate,0.6601670561061423,0.08691719103416662,0.08691719103416662,False,False,neither
cx_ksp_med_cbn_std_dual_holo_modrelu,cx_ksp_med_cbn_std_dual_holo_modrelu,phase1_1184439_377,phase1,Fourier,1,median,batchnorm,standard,modrelu,dual / holographic,dual,holographic,0.6455295033975237,0.11714322754242049,0.11714322754242049,False,True,ap_only
cx_ksp_med_cbn_std_dual_holo_magsilu,cx_ksp_med_cbn_std_dual_holo_magsilu,phase1_1184439_378,phase1,Fourier,1,median,batchnorm,standard,magnitude_silu,dual / holographic,dual,holographic,0.5565090108237316,0.07591248996816793,0.07591248996816793,False,False,neither
cx_ksp_med_cbn_std_dual_holo_crelu,cx_ksp_med_cbn_std_dual_holo_crelu,phase1_1184439_379,phase1,Fourier,1,median,batchnorm,standard,crelu,dual / holographic,dual,holographic,0.6363575322966185,0.08884403986169598,0.08884403986169598,False,False,neither
cx_ksp_med_cbn_std_dual_holo_card,cx_ksp_med_cbn_std_dual_holo_card,phase1_1184439_380,phase1,Fourier,1,median,batchnorm,standard,cardioid,dual / holographic,dual,holographic,0.6136894690194182,0.06972726204113507,0.06972726204113507,False,False,neither
cx_ksp_med_cbn_wl_single_none_modrelu,cx_ksp_med_cbn_wl_single_none_modrelu,phase1_1184439_381,phase1,Fourier,1,median,batchnorm,widely_linear,modrelu,complex_only / none,complex_only,none,0.6329734375419654,0.09582014821502166,0.09582014821502166,False,False,neither
cx_ksp_med_cbn_wl_single_none_magsilu,cx_ksp_med_cbn_wl_single_none_magsilu,phase1_1184439_382,phase1,Fourier,1,median,batchnorm,widely_linear,magnitude_silu,complex_only / none,complex_only,none,0.6446700507614214,0.06996746251817496,0.06996746251817496,False,False,neither
cx_ksp_med_cbn_wl_single_none_crelu,cx_ksp_med_cbn_wl_single_none_crelu,phase1_1184439_383,phase1,Fourier,1,median,batchnorm,widely_linear,crelu,complex_only / none,complex_only,none,0.6456369349770364,0.09122666207877775,0.09122666207877775,False,False,neither
cx_ksp_med_cbn_wl_single_none_card,cx_ksp_med_cbn_wl_single_none_card,phase1_1184439_384,phase1,Fourier,1,median,batchnorm,widely_linear,cardioid,complex_only / none,complex_only,none,0.649477613944619,0.07974915437807306,0.07974915437807306,False,False,neither
cx_ksp_med_cbn_wl_single_holo_modrelu,cx_ksp_med_cbn_wl_single_holo_modrelu,phase1_1184439_385,phase1,Fourier,1,median,batchnorm,widely_linear,modrelu,complex_only / holographic,complex_only,holographic,0.6169661321945586,0.06838114416944525,0.06838114416944525,False,False,neither
cx_ksp_med_cbn_wl_single_holo_magsilu,cx_ksp_med_cbn_wl_single_holo_magsilu,phase1_1184439_386,phase1,Fourier,1,median,batchnorm,widely_linear,magnitude_silu,complex_only / holographic,complex_only,holographic,0.5230575027529343,0.05899526547615727,0.05899526547615727,False,False,neither
cx_ksp_med_cbn_wl_single_holo_crelu,cx_ksp_med_cbn_wl_single_holo_crelu,phase1_1184439_387,phase1,Fourier,1,median,batchnorm,widely_linear,crelu,complex_only / holographic,complex_only,holographic,0.7077592458303118,0.09464300255175659,0.09464300255175659,False,False,neither
cx_ksp_med_cbn_wl_single_holo_card,cx_ksp_med_cbn_wl_single_holo_card,phase1_1184439_388,phase1,Fourier,1,median,batchnorm,widely_linear,cardioid,complex_only / holographic,complex_only,holographic,0.6728574114360917,0.08931762697823406,0.08931762697823406,False,False,neither
cx_ksp_med_cbn_wl_dual_none_modrelu,cx_ksp_med_cbn_wl_dual_none_modrelu,phase1_1184439_389,phase1,Fourier,1,median,batchnorm,widely_linear,modrelu,dual / none,dual,none,0.5822657320119249,0.06549280899964528,0.06549280899964528,False,False,neither
cx_ksp_med_cbn_wl_dual_none_magsilu,cx_ksp_med_cbn_wl_dual_none_magsilu,phase1_1184439_390,phase1,Fourier,1,median,batchnorm,widely_linear,magnitude_silu,dual / none,dual,none,0.6097816453146403,0.07346862262313925,0.07346862262313925,False,False,neither
cx_ksp_med_cbn_wl_dual_none_crelu,cx_ksp_med_cbn_wl_dual_none_crelu,phase1_1184439_391,phase1,Fourier,1,median,batchnorm,widely_linear,crelu,dual / none,dual,none,0.5616925845352241,0.0727782269922771,0.0727782269922771,False,False,neither
cx_ksp_med_cbn_wl_dual_none_card,cx_ksp_med_cbn_wl_dual_none_card,phase1_1184439_392,phase1,Fourier,1,median,batchnorm,widely_linear,cardioid,dual / none,dual,none,0.6507667928987726,0.10070372711867806,0.10070372711867806,False,False,neither
cx_ksp_med_cbn_wl_dual_gate_modrelu,cx_ksp_med_cbn_wl_dual_gate_modrelu,phase1_1184439_393,phase1,Fourier,1,median,batchnorm,widely_linear,modrelu,dual / modulus_gate,dual,modulus_gate,0.5782907635699513,0.06328939188273695,0.06328939188273695,False,False,neither
cx_ksp_med_cbn_wl_dual_gate_magsilu,cx_ksp_med_cbn_wl_dual_gate_magsilu,phase1_1184439_394,phase1,Fourier,1,median,batchnorm,widely_linear,magnitude_silu,dual / modulus_gate,dual,modulus_gate,0.6576692718824698,0.07745281468418877,0.07745281468418877,False,False,neither
cx_ksp_med_cbn_wl_dual_gate_crelu,cx_ksp_med_cbn_wl_dual_gate_crelu,phase1_1184439_395,phase1,Fourier,1,median,batchnorm,widely_linear,crelu,dual / modulus_gate,dual,modulus_gate,0.7160583353476755,0.1420718691968103,0.1420718691968103,False,True,ap_only
cx_ksp_med_cbn_wl_dual_gate_card,cx_ksp_med_cbn_wl_dual_gate_card,phase1_1184439_396,phase1,Fourier,1,median,batchnorm,widely_linear,cardioid,dual / modulus_gate,dual,modulus_gate,0.6686944377299707,0.086340334674638,0.086340334674638,False,False,neither
cx_ksp_med_cbn_wl_dual_holo_modrelu,cx_ksp_med_cbn_wl_dual_holo_modrelu,phase1_1184439_397,phase1,Fourier,1,median,batchnorm,widely_linear,modrelu,dual / holographic,dual,holographic,0.6025300136975263,0.08346960354387274,0.08346960354387274,False,False,neither
cx_ksp_med_cbn_wl_dual_holo_magsilu,cx_ksp_med_cbn_wl_dual_holo_magsilu,phase1_1184439_398,phase1,Fourier,1,median,batchnorm,widely_linear,magnitude_silu,dual / holographic,dual,holographic,0.6100770821583004,0.08964605704319625,0.08964605704319625,False,False,neither
cx_ksp_med_cbn_wl_dual_holo_crelu,cx_ksp_med_cbn_wl_dual_holo_crelu,phase1_1184439_399,phase1,Fourier,1,median,batchnorm,widely_linear,crelu,dual / holographic,dual,holographic,0.6859774930840921,0.11878069277442568,0.11878069277442568,False,True,ap_only
cx_ksp_med_cbn_wl_dual_holo_card,cx_ksp_med_cbn_wl_dual_holo_card,phase1_1184439_400,phase1,Fourier,1,median,batchnorm,widely_linear,cardioid,dual / holographic,dual,holographic,0.5965138452448097,0.07192803146038304,0.07192803146038304,False,False,neither
cx_ksp_avg_rms_std_single_none_modrelu,cx_ksp_avg_rms_std_single_none_modrelu,phase1_1184439_401,phase1,Fourier,1,average,rms,standard,modrelu,complex_only / none,complex_only,none,0.7355840249241264,0.13339756900630995,0.13339756900630995,True,True,both_above
cx_ksp_avg_rms_std_single_none_magsilu,cx_ksp_avg_rms_std_single_none_magsilu,phase1_1184439_402,phase1,Fourier,1,average,rms,standard,magnitude_silu,complex_only / none,complex_only,none,0.6993124378911181,0.12991090103534472,0.12991090103534472,False,True,ap_only
cx_ksp_avg_rms_std_single_none_crelu,cx_ksp_avg_rms_std_single_none_crelu,phase1_1184439_403,phase1,Fourier,1,average,rms,standard,crelu,complex_only / none,complex_only,none,0.5939757741788199,0.10504803126319186,0.10504803126319186,False,False,neither
cx_ksp_avg_rms_std_single_none_card,cx_ksp_avg_rms_std_single_none_card,phase1_1184439_404,phase1,Fourier,1,average,rms,standard,cardioid,complex_only / none,complex_only,none,0.5647946713936562,0.12777361954344996,0.12777361954344996,False,True,ap_only
cx_ksp_avg_rms_std_single_holo_modrelu,cx_ksp_avg_rms_std_single_holo_modrelu,phase1_1184439_405,phase1,Fourier,1,average,rms,standard,modrelu,complex_only / holographic,complex_only,holographic,0.6018182794832541,0.09675310808793885,0.09675310808793885,False,False,neither
cx_ksp_avg_rms_std_single_holo_magsilu,cx_ksp_avg_rms_std_single_holo_magsilu,phase1_1184439_406,phase1,Fourier,1,average,rms,standard,magnitude_silu,complex_only / holographic,complex_only,holographic,0.7334622512287488,0.11775967965362472,0.11775967965362472,True,True,both_above
cx_ksp_avg_rms_std_single_holo_crelu,cx_ksp_avg_rms_std_single_holo_crelu,phase1_1184439_407,phase1,Fourier,1,average,rms,standard,crelu,complex_only / holographic,complex_only,holographic,0.6284881690973062,0.08105394788325931,0.08105394788325931,False,False,neither
cx_ksp_avg_rms_std_single_holo_card,cx_ksp_avg_rms_std_single_holo_card,phase1_1184439_408,phase1,Fourier,1,average,rms,standard,cardioid,complex_only / holographic,complex_only,holographic,0.699849595788682,0.10647455492209908,0.10647455492209908,False,True,ap_only
cx_ksp_avg_rms_std_dual_none_modrelu,cx_ksp_avg_rms_std_dual_none_modrelu,phase1_1184439_409,phase1,Fourier,1,average,rms,standard,modrelu,dual / none,dual,none,0.6246340611822845,0.06402474469256747,0.06402474469256747,False,False,neither
cx_ksp_avg_rms_std_dual_none_magsilu,cx_ksp_avg_rms_std_dual_none_magsilu,phase1_1184439_410,phase1,Fourier,1,average,rms,standard,magnitude_silu,dual / none,dual,none,0.6419171165364059,0.08977011727910704,0.08977011727910704,False,False,neither
cx_ksp_avg_rms_std_dual_none_crelu,cx_ksp_avg_rms_std_dual_none_crelu,phase1_1184439_411,phase1,Fourier,1,average,rms,standard,crelu,dual / none,dual,none,0.5607525582144872,0.06054923377895245,0.06054923377895245,False,False,neither
cx_ksp_avg_rms_std_dual_none_card,cx_ksp_avg_rms_std_dual_none_card,phase1_1184439_412,phase1,Fourier,1,average,rms,standard,cardioid,dual / none,dual,none,0.5707168372142991,0.07454470586534515,0.07454470586534515,False,False,neither
cx_ksp_avg_rms_std_dual_gate_modrelu,cx_ksp_avg_rms_std_dual_gate_modrelu,phase1_1184439_413,phase1,Fourier,1,average,rms,standard,modrelu,dual / modulus_gate,dual,modulus_gate,0.7260091854000483,0.1388079812655506,0.1388079812655506,False,True,ap_only
cx_ksp_avg_rms_std_dual_gate_magsilu,cx_ksp_avg_rms_std_dual_gate_magsilu,phase1_1184439_414,phase1,Fourier,1,average,rms,standard,magnitude_silu,dual / modulus_gate,dual,modulus_gate,0.5811377004270405,0.07469746674054845,0.07469746674054845,False,False,neither
cx_ksp_avg_rms_std_dual_gate_crelu,cx_ksp_avg_rms_std_dual_gate_crelu,phase1_1184439_415,phase1,Fourier,1,average,rms,standard,crelu,dual / modulus_gate,dual,modulus_gate,0.5943114978647974,0.06338340735583359,0.06338340735583359,False,False,neither
cx_ksp_avg_rms_std_dual_gate_card,cx_ksp_avg_rms_std_dual_gate_card,phase1_1184439_416,phase1,Fourier,1,average,rms,standard,cardioid,dual / modulus_gate,dual,modulus_gate,0.7051271721322483,0.15468807852746305,0.15468807852746305,False,True,ap_only
cx_ksp_avg_rms_std_dual_holo_modrelu,cx_ksp_avg_rms_std_dual_holo_modrelu,phase1_1184439_417,phase1,Fourier,1,average,rms,standard,modrelu,dual / holographic,dual,holographic,0.6134343190180753,0.08300193217031455,0.08300193217031455,False,False,neither
cx_ksp_avg_rms_std_dual_holo_magsilu,cx_ksp_avg_rms_std_dual_holo_magsilu,phase1_1184439_418,phase1,Fourier,1,average,rms,standard,magnitude_silu,dual / holographic,dual,holographic,0.6953643273440228,0.1057162703850051,0.1057162703850051,False,False,neither
cx_ksp_avg_rms_std_dual_holo_crelu,cx_ksp_avg_rms_std_dual_holo_crelu,phase1_1184439_419,phase1,Fourier,1,average,rms,standard,crelu,dual / holographic,dual,holographic,0.6139714769156394,0.07089021818701954,0.07089021818701954,False,False,neither
cx_ksp_avg_rms_std_dual_holo_card,cx_ksp_avg_rms_std_dual_holo_card,phase1_1184439_420,phase1,Fourier,1,average,rms,standard,cardioid,dual / holographic,dual,holographic,0.5644186608653614,0.06818842401989275,0.06818842401989275,False,False,neither
cx_ksp_avg_rms_wl_single_none_modrelu,cx_ksp_avg_rms_wl_single_none_modrelu,phase1_1184439_421,phase1,Fourier,1,average,rms,widely_linear,modrelu,complex_only / none,complex_only,none,0.6363978191389359,0.08921780203120958,0.08921780203120958,False,False,neither
cx_ksp_avg_rms_wl_single_none_magsilu,cx_ksp_avg_rms_wl_single_none_magsilu,phase1_1184439_422,phase1,Fourier,1,average,rms,widely_linear,magnitude_silu,complex_only / none,complex_only,none,0.717347514301829,0.10561507757600523,0.10561507757600523,False,False,neither
cx_ksp_avg_rms_wl_single_none_crelu,cx_ksp_avg_rms_wl_single_none_crelu,phase1_1184439_423,phase1,Fourier,1,average,rms,widely_linear,crelu,complex_only / none,complex_only,none,0.5522654634329761,0.06832253924537368,0.06832253924537368,False,False,neither
cx_ksp_avg_rms_wl_single_none_card,cx_ksp_avg_rms_wl_single_none_card,phase1_1184439_424,phase1,Fourier,1,average,rms,widely_linear,cardioid,complex_only / none,complex_only,none,0.6173690006177317,0.10873005919813786,0.10873005919813786,False,True,ap_only
cx_ksp_avg_rms_wl_single_holo_modrelu,cx_ksp_avg_rms_wl_single_holo_modrelu,phase1_1184439_425,phase1,Fourier,1,average,rms,widely_linear,modrelu,complex_only / holographic,complex_only,holographic,0.6160798216635781,0.06400463975479374,0.06400463975479374,False,False,neither
cx_ksp_avg_rms_wl_single_holo_magsilu,cx_ksp_avg_rms_wl_single_holo_magsilu,phase1_1184439_426,phase1,Fourier,1,average,rms,widely_linear,magnitude_silu,complex_only / holographic,complex_only,holographic,0.6610802245320011,0.11797268213514789,0.11797268213514789,False,True,ap_only
cx_ksp_avg_rms_wl_single_holo_crelu,cx_ksp_avg_rms_wl_single_holo_crelu,phase1_1184439_427,phase1,Fourier,1,average,rms,widely_linear,crelu,complex_only / holographic,complex_only,holographic,0.5987027636773828,0.07141366126099148,0.07141366126099148,False,False,neither
cx_ksp_avg_rms_wl_single_holo_card,cx_ksp_avg_rms_wl_single_holo_card,phase1_1184439_428,phase1,Fourier,1,average,rms,widely_linear,cardioid,complex_only / holographic,complex_only,holographic,0.6006365321086133,0.10084462353211805,0.10084462353211805,False,False,neither
cx_ksp_avg_rms_wl_dual_none_modrelu,cx_ksp_avg_rms_wl_dual_none_modrelu,phase1_1184439_429,phase1,Fourier,1,average,rms,widely_linear,modrelu,dual / none,dual,none,0.6374049901968684,0.10019513389108711,0.10019513389108711,False,False,neither
cx_ksp_avg_rms_wl_dual_none_magsilu,cx_ksp_avg_rms_wl_dual_none_magsilu,phase1_1184439_430,phase1,Fourier,1,average,rms,widely_linear,magnitude_silu,dual / none,dual,none,0.6617382429565171,0.09048385959293538,0.09048385959293538,False,False,neither
cx_ksp_avg_rms_wl_dual_none_crelu,cx_ksp_avg_rms_wl_dual_none_crelu,phase1_1184439_431,phase1,Fourier,1,average,rms,widely_linear,crelu,dual / none,dual,none,0.6708430693202266,0.08152765798955633,0.08152765798955633,False,False,neither
cx_ksp_avg_rms_wl_dual_none_card,cx_ksp_avg_rms_wl_dual_none_card,phase1_1184439_432,phase1,Fourier,1,average,rms,widely_linear,cardioid,dual / none,dual,none,0.5684876319394085,0.06880599294770817,0.06880599294770817,False,False,neither
cx_ksp_avg_rms_wl_dual_gate_modrelu,cx_ksp_avg_rms_wl_dual_gate_modrelu,phase1_1184439_433,phase1,Fourier,1,average,rms,widely_linear,modrelu,dual / modulus_gate,dual,modulus_gate,0.68556119571348,0.11242291988474117,0.11242291988474117,False,True,ap_only
cx_ksp_avg_rms_wl_dual_gate_magsilu,cx_ksp_avg_rms_wl_dual_gate_magsilu,phase1_1184439_434,phase1,Fourier,1,average,rms,widely_linear,magnitude_silu,dual / modulus_gate,dual,modulus_gate,0.5948755136572395,0.06969076608397984,0.06969076608397984,False,False,neither
cx_ksp_avg_rms_wl_dual_gate_crelu,cx_ksp_avg_rms_wl_dual_gate_crelu,phase1_1184439_435,phase1,Fourier,1,average,rms,widely_linear,crelu,dual / modulus_gate,dual,modulus_gate,0.7315284827975183,0.12973652144362635,0.12973652144362635,True,True,both_above
cx_ksp_avg_rms_wl_dual_gate_card,cx_ksp_avg_rms_wl_dual_gate_card,phase1_1184439_436,phase1,Fourier,1,average,rms,widely_linear,cardioid,dual / modulus_gate,dual,modulus_gate,0.6005962452662961,0.08361966292502587,0.08361966292502587,False,False,neither
cx_ksp_avg_rms_wl_dual_holo_modrelu,cx_ksp_avg_rms_wl_dual_holo_modrelu,phase1_1184439_437,phase1,Fourier,1,average,rms,widely_linear,modrelu,dual / holographic,dual,holographic,0.607874734778288,0.0853225362686712,0.0853225362686712,False,False,neither
cx_ksp_avg_rms_wl_dual_holo_magsilu,cx_ksp_avg_rms_wl_dual_holo_magsilu,phase1_1184439_438,phase1,Fourier,1,average,rms,widely_linear,magnitude_silu,dual / holographic,dual,holographic,0.6330942980689174,0.07860617159118849,0.07860617159118849,False,False,neither
cx_ksp_avg_rms_wl_dual_holo_crelu,cx_ksp_avg_rms_wl_dual_holo_crelu,phase1_1184439_439,phase1,Fourier,1,average,rms,widely_linear,crelu,dual / holographic,dual,holographic,0.6446029060242258,0.11177173556388603,0.11177173556388603,False,True,ap_only
cx_ksp_avg_rms_wl_dual_holo_card,cx_ksp_avg_rms_wl_dual_holo_card,phase1_1184439_440,phase1,Fourier,1,average,rms,widely_linear,cardioid,dual / holographic,dual,holographic,0.5682861977278221,0.08068029503561581,0.08068029503561581,False,False,neither
cx_ksp_avg_cbn_std_single_none_modrelu,cx_ksp_avg_cbn_std_single_none_modrelu,phase1_1184439_441,phase1,Fourier,1,average,batchnorm,standard,modrelu,complex_only / none,complex_only,none,0.7533773802809336,0.12458061629803371,0.12458061629803371,True,True,both_above
cx_ksp_avg_cbn_std_single_none_magsilu,cx_ksp_avg_cbn_std_single_none_magsilu,phase1_1184439_442,phase1,Fourier,1,average,batchnorm,standard,magnitude_silu,complex_only / none,complex_only,none,0.7066715010877447,0.11284669954646882,0.11284669954646882,False,True,ap_only
cx_ksp_avg_cbn_std_single_none_crelu,cx_ksp_avg_cbn_std_single_none_crelu,phase1_1184439_443,phase1,Fourier,1,average,batchnorm,standard,crelu,complex_only / none,complex_only,none,0.720839040635995,0.17818336080063374,0.17818336080063374,False,True,ap_only
cx_ksp_avg_cbn_std_single_none_card,cx_ksp_avg_cbn_std_single_none_card,phase1_1184439_444,phase1,Fourier,1,average,batchnorm,standard,cardioid,complex_only / none,complex_only,none,0.6987215642037977,0.09274045128466872,0.09274045128466872,False,False,neither
cx_ksp_avg_cbn_std_single_holo_modrelu,cx_ksp_avg_cbn_std_single_holo_modrelu,phase1_1184439_445,phase1,Fourier,1,average,batchnorm,standard,modrelu,complex_only / holographic,complex_only,holographic,0.6820428114844359,0.09230571075916555,0.09230571075916555,False,False,neither
cx_ksp_avg_cbn_std_single_holo_magsilu,cx_ksp_avg_cbn_std_single_holo_magsilu,phase1_1184439_446,phase1,Fourier,1,average,batchnorm,standard,magnitude_silu,complex_only / holographic,complex_only,holographic,0.6029060242258212,0.06728304026611222,0.06728304026611222,False,False,neither
cx_ksp_avg_cbn_std_single_holo_crelu,cx_ksp_avg_cbn_std_single_holo_crelu,phase1_1184439_447,phase1,Fourier,1,average,batchnorm,standard,crelu,complex_only / holographic,complex_only,holographic,0.6416888244299411,0.11156553580261444,0.11156553580261444,False,True,ap_only
cx_ksp_avg_cbn_std_single_holo_card,cx_ksp_avg_cbn_std_single_holo_card,phase1_1184439_448,phase1,Fourier,1,average,batchnorm,standard,cardioid,complex_only / holographic,complex_only,holographic,0.6689495877313136,0.11583528560507353,0.11583528560507353,False,True,ap_only
cx_ksp_avg_cbn_std_dual_none_modrelu,cx_ksp_avg_cbn_std_dual_none_modrelu,phase1_1184439_449,phase1,Fourier,1,average,batchnorm,standard,modrelu,dual / none,dual,none,0.5882819004646416,0.06208366370639898,0.06208366370639898,False,False,neither
cx_ksp_avg_cbn_std_dual_none_magsilu,cx_ksp_avg_cbn_std_dual_none_magsilu,phase1_1184439_450,phase1,Fourier,1,average,batchnorm,standard,magnitude_silu,dual / none,dual,none,0.6550237692369673,0.0960932895987192,0.0960932895987192,False,False,neither
cx_ksp_avg_cbn_std_dual_none_crelu,cx_ksp_avg_cbn_std_dual_none_crelu,phase1_1184439_451,phase1,Fourier,1,average,batchnorm,standard,crelu,dual / none,dual,none,0.6088953347836596,0.08824424252036457,0.08824424252036457,False,False,neither
cx_ksp_avg_cbn_std_dual_none_card,cx_ksp_avg_cbn_std_dual_none_card,phase1_1184439_452,phase1,Fourier,1,average,batchnorm,standard,cardioid,dual / none,dual,none,0.5388230870464372,0.06662995743834858,0.06662995743834858,False,False,neither
cx_ksp_avg_cbn_std_dual_gate_modrelu,cx_ksp_avg_cbn_std_dual_gate_modrelu,phase1_1184439_453,phase1,Fourier,1,average,batchnorm,standard,modrelu,dual / modulus_gate,dual,modulus_gate,0.7319716380630086,0.139790594142989,0.139790594142989,True,True,both_above
cx_ksp_avg_cbn_std_dual_gate_magsilu,cx_ksp_avg_cbn_std_dual_gate_magsilu,phase1_1184439_454,phase1,Fourier,1,average,batchnorm,standard,magnitude_silu,dual / modulus_gate,dual,modulus_gate,0.610278516369887,0.13158886911862552,0.13158886911862552,False,True,ap_only
cx_ksp_avg_cbn_std_dual_gate_crelu,cx_ksp_avg_cbn_std_dual_gate_crelu,phase1_1184439_455,phase1,Fourier,1,average,batchnorm,standard,crelu,dual / modulus_gate,dual,modulus_gate,0.6345714822872184,0.08090782857983261,0.08090782857983261,False,False,neither
cx_ksp_avg_cbn_std_dual_gate_card,cx_ksp_avg_cbn_std_dual_gate_card,phase1_1184439_456,phase1,Fourier,1,average,batchnorm,standard,cardioid,dual / modulus_gate,dual,modulus_gate,0.6600059087368731,0.11675004454039932,0.11675004454039932,False,True,ap_only
cx_ksp_avg_cbn_std_dual_holo_modrelu,cx_ksp_avg_cbn_std_dual_holo_modrelu,phase1_1184439_457,phase1,Fourier,1,average,batchnorm,standard,modrelu,dual / holographic,dual,holographic,0.6472618376171676,0.07381613327308988,0.07381613327308988,False,False,neither
cx_ksp_avg_cbn_std_dual_holo_magsilu,cx_ksp_avg_cbn_std_dual_holo_magsilu,phase1_1184439_458,phase1,Fourier,1,average,batchnorm,standard,magnitude_silu,dual / holographic,dual,holographic,0.546585018666237,0.0683950162416862,0.0683950162416862,False,False,neither
cx_ksp_avg_cbn_std_dual_holo_crelu,cx_ksp_avg_cbn_std_dual_holo_crelu,phase1_1184439_459,phase1,Fourier,1,average,batchnorm,standard,crelu,dual / holographic,dual,holographic,0.6770338140896517,0.11999702548568265,0.11999702548568265,False,True,ap_only
cx_ksp_avg_cbn_std_dual_holo_card,cx_ksp_avg_cbn_std_dual_holo_card,phase1_1184439_460,phase1,Fourier,1,average,batchnorm,standard,cardioid,dual / holographic,dual,holographic,0.6188461848360325,0.07021929689674944,0.07021929689674944,False,False,neither
cx_ksp_avg_cbn_wl_single_none_modrelu,cx_ksp_avg_cbn_wl_single_none_modrelu,phase1_1184439_461,phase1,Fourier,1,average,batchnorm,widely_linear,modrelu,complex_only / none,complex_only,none,0.642870571804582,0.12208177868648801,0.12208177868648801,False,True,ap_only
cx_ksp_avg_cbn_wl_single_none_magsilu,cx_ksp_avg_cbn_wl_single_none_magsilu,phase1_1184439_462,phase1,Fourier,1,average,batchnorm,widely_linear,magnitude_silu,complex_only / none,complex_only,none,0.7337241157038111,0.12538397755121233,0.12538397755121233,True,True,both_above
cx_ksp_avg_cbn_wl_single_none_crelu,cx_ksp_avg_cbn_wl_single_none_crelu,phase1_1184439_463,phase1,Fourier,1,average,batchnorm,widely_linear,crelu,complex_only / none,complex_only,none,0.59710471893213,0.06651075275970583,0.06651075275970583,False,False,neither
cx_ksp_avg_cbn_wl_single_none_card,cx_ksp_avg_cbn_wl_single_none_card,phase1_1184439_464,phase1,Fourier,1,average,batchnorm,widely_linear,cardioid,complex_only / none,complex_only,none,0.67437488249671,0.1096306698307206,0.1096306698307206,False,True,ap_only
cx_ksp_avg_cbn_wl_single_holo_modrelu,cx_ksp_avg_cbn_wl_single_holo_modrelu,phase1_1184439_465,phase1,Fourier,1,average,batchnorm,widely_linear,modrelu,complex_only / holographic,complex_only,holographic,0.6573201192490532,0.07498735647318348,0.07498735647318348,False,False,neither
cx_ksp_avg_cbn_wl_single_holo_magsilu,cx_ksp_avg_cbn_wl_single_holo_magsilu,phase1_1184439_466,phase1,Fourier,1,average,batchnorm,widely_linear,magnitude_silu,complex_only / holographic,complex_only,holographic,0.5318131764832272,0.05111864494725606,0.05111864494725606,False,False,neither
cx_ksp_avg_cbn_wl_single_holo_crelu,cx_ksp_avg_cbn_wl_single_holo_crelu,phase1_1184439_467,phase1,Fourier,1,average,batchnorm,widely_linear,crelu,complex_only / holographic,complex_only,holographic,0.6378481454623588,0.08844348438774091,0.08844348438774091,False,False,neither
cx_ksp_avg_cbn_wl_single_holo_card,cx_ksp_avg_cbn_wl_single_holo_card,phase1_1184439_468,phase1,Fourier,1,average,batchnorm,widely_linear,cardioid,complex_only / holographic,complex_only,holographic,0.7260494722423656,0.10651301500643043,0.10651301500643043,False,True,ap_only
cx_ksp_avg_cbn_wl_dual_none_modrelu,cx_ksp_avg_cbn_wl_dual_none_modrelu,phase1_1184439_469,phase1,Fourier,1,average,batchnorm,widely_linear,modrelu,dual / none,dual,none,0.6722665377487713,0.1202000300791326,0.1202000300791326,False,True,ap_only
cx_ksp_avg_cbn_wl_dual_none_magsilu,cx_ksp_avg_cbn_wl_dual_none_magsilu,phase1_1184439_470,phase1,Fourier,1,average,batchnorm,widely_linear,magnitude_silu,dual / none,dual,none,0.6435017323342196,0.11764357022018075,0.11764357022018075,False,True,ap_only
cx_ksp_avg_cbn_wl_dual_none_crelu,cx_ksp_avg_cbn_wl_dual_none_crelu,phase1_1184439_471,phase1,Fourier,1,average,batchnorm,widely_linear,crelu,dual / none,dual,none,0.6432868691751941,0.0688949827220283,0.0688949827220283,False,False,neither
cx_ksp_avg_cbn_wl_dual_none_card,cx_ksp_avg_cbn_wl_dual_none_card,phase1_1184439_472,phase1,Fourier,1,average,batchnorm,widely_linear,cardioid,dual / none,dual,none,0.6489001692047378,0.08771526632811401,0.08771526632811401,False,False,neither
cx_ksp_avg_cbn_wl_dual_gate_modrelu,cx_ksp_avg_cbn_wl_dual_gate_modrelu,phase1_1184439_473,phase1,Fourier,1,average,batchnorm,widely_linear,modrelu,dual / modulus_gate,dual,modulus_gate,0.7261569038218785,0.12191696649089212,0.12191696649089212,False,True,ap_only
cx_ksp_avg_cbn_wl_dual_gate_magsilu,cx_ksp_avg_cbn_wl_dual_gate_magsilu,phase1_1184439_474,phase1,Fourier,1,average,batchnorm,widely_linear,magnitude_silu,dual / modulus_gate,dual,modulus_gate,0.7295409985765315,0.11433958083114719,0.11433958083114719,True,True,both_above
cx_ksp_avg_cbn_wl_dual_gate_crelu,cx_ksp_avg_cbn_wl_dual_gate_crelu,phase1_1184439_475,phase1,Fourier,1,average,batchnorm,widely_linear,crelu,dual / modulus_gate,dual,modulus_gate,0.6901404667902129,0.10419879111527033,0.10419879111527033,False,False,neither
cx_ksp_avg_cbn_wl_dual_gate_card,cx_ksp_avg_cbn_wl_dual_gate_card,phase1_1184439_476,phase1,Fourier,1,average,batchnorm,widely_linear,cardioid,dual / modulus_gate,dual,modulus_gate,0.6387344559933392,0.0847662170493412,0.0847662170493412,False,False,neither
cx_ksp_avg_cbn_wl_dual_holo_modrelu,cx_ksp_avg_cbn_wl_dual_holo_modrelu,phase1_1184439_477,phase1,Fourier,1,average,batchnorm,widely_linear,modrelu,dual / holographic,dual,holographic,0.6650283350790965,0.10467311740783712,0.10467311740783712,False,False,neither
cx_ksp_avg_cbn_wl_dual_holo_magsilu,cx_ksp_avg_cbn_wl_dual_holo_magsilu,phase1_1184439_478,phase1,Fourier,1,average,batchnorm,widely_linear,magnitude_silu,dual / holographic,dual,holographic,0.6407622270566433,0.09465481505380237,0.09465481505380237,False,False,neither
cx_ksp_avg_cbn_wl_dual_holo_crelu,cx_ksp_avg_cbn_wl_dual_holo_crelu,phase1_1184439_479,phase1,Fourier,1,average,batchnorm,widely_linear,crelu,dual / holographic,dual,holographic,0.6144817769183251,0.07154960349139743,0.07154960349139743,False,False,neither
cx_ksp_avg_cbn_wl_dual_holo_card,cx_ksp_avg_cbn_wl_dual_holo_card,phase1_1184439_480,phase1,Fourier,1,average,batchnorm,widely_linear,cardioid,dual / holographic,dual,holographic,0.6526737034351248,0.08074649056676658,0.08074649056676658,False,False,neither
