run_id,phase,seed,slurm_array_job_id,array_task_id,run_label,metrics_available,metrics_timestamp,test_loss,test_threshold,test_accuracy,test_balanced_accuracy,test_sensitivity,test_specificity,test_precision,test_f1,test_auc,test_average_precision,source_log,mode,input_domain,pooling,normalization,convolution,stream_interaction,activation
phase1_1184439_0,phase1,,1184439,0,real,True,2026-08-17 12:17:29,0.3265666573401914,0.1925394982099533,0.7132530120481928,0.668660865361373,0.6190476190476191,0.7182741116751269,0.1048387096774193,0.1793103448275862,0.7268014932989552,0.1062820390900734,results/slurm/phase1_1184439_0.err,real,image,none,batchnorm,real,not_applicable,silu
phase1_1184439_1,phase1,,1184439,1,complex_modrelu,True,2026-08-18 20:11:25,0.3727154065342433,0.1770924627780914,0.6104417670682731,0.719704294577391,0.8412698412698413,0.5981387478849408,0.1003787878787878,0.1793570219966159,0.7527059329089786,0.147575201034088,results/slurm/phase1_1184439_1.err,complex,image,max,rms,standard,complex_only / none,modrelu
phase1_1184439_2,phase1,,1184439,2,complex_modrelu_median_pool,True,2026-08-18 15:21:36,0.3717595595911325,0.1472499072551727,0.5686746987951807,0.6901941825799693,0.8253968253968254,0.5549915397631133,0.0899653979238754,0.1622464898595944,0.7283189643595734,0.0995178774089083,results/slurm/phase1_1184439_2.err,complex,image,median,rms,standard,complex_only / none,modrelu
phase1_1184439_3,phase1,,1184439,3,complex_modrelu_average_pool,True,2026-08-18 13:22:12,1.3890080621922352,0.8633065819740295,0.738152610441767,0.584098783337362,0.4126984126984127,0.7554991539763113,0.0825396825396825,0.1375661375661375,0.715588322187307,0.1119096830630238,results/slurm/phase1_1184439_3.err,complex,image,average,rms,standard,complex_only / none,modrelu
phase1_1184439_4,phase1,,1184439,4,cx_img_max_rms_std_single_none_magsilu,True,2026-08-20 09:18:27,0.4477544788375915,0.265887439250946,0.4337349397590361,0.679236161469664,0.9523809523809524,0.4060913705583756,0.0787401574803149,0.1454545454545454,0.7553917223967985,0.133204860516937,results/slurm/phase1_1184439_4.err,complex,image,max,rms,standard,complex_only / none,magnitude_silu
phase1_1184439_5,phase1,,1184439,5,cx_img_max_rms_std_single_none_crelu,True,2026-08-17 00:52:44,0.6783250045106114,0.4952192604541778,0.7365461847389558,0.4329828378051728,0.0952380952380952,0.7707275803722504,0.0216606498194945,0.0352941176470588,0.4959981736631482,0.0477031510107277,results/slurm/phase1_1184439_5.err,complex,image,max,rms,standard,complex_only / none,crelu
phase1_1184439_6,phase1,,1184439,6,cx_img_max_rms_std_single_none_card,True,2026-08-19 07:03:56,0.7643013282473308,0.765012800693512,0.8497991967871485,0.537708484408992,0.1904761904761904,0.8849407783417935,0.081081081081081,0.1137440758293838,0.6234388848602046,0.0771304299486713,results/slurm/phase1_1184439_6.err,complex,image,max,rms,standard,complex_only / none,cardioid
phase1_1184439_7,phase1,,1184439,7,cx_img_max_rms_std_single_holo_modrelu,True,2026-08-20 06:04:01,0.2697455899288736,0.0300066452473402,0.6939759036144578,0.5758601240834743,0.4444444444444444,0.7072758037225042,0.0748663101604278,0.1281464530892448,0.5951172347111433,0.0839438737646477,results/slurm/phase1_1184439_7.err,complex,image,max,rms,standard,complex_only / holographic,modrelu
phase1_1184439_8,phase1,,1184439,8,cx_img_max_rms_std_single_holo_magsilu,True,2026-08-19 00:35:15,1.6924647642426702,0.777381181716919,0.5220883534136547,0.6130650229635002,0.7142857142857143,0.511844331641286,0.0723472668810289,0.1313868613138686,0.6782424193591707,0.1144408953969553,results/slurm/phase1_1184439_8.err,complex,image,max,rms,standard,complex_only / holographic,magnitude_silu
phase1_1184439_9,phase1,,1184439,9,cx_img_max_rms_std_single_holo_crelu,True,2026-08-19 10:43:04,0.5568003583632141,0.5061601996421814,0.7317269076305221,0.6633631455966482,0.5873015873015873,0.739424703891709,0.1072463768115942,0.1813725490196078,0.6683452850965541,0.1071991672681006,results/slurm/phase1_1184439_9.err,complex,image,max,rms,standard,complex_only / holographic,crelu
phase1_1184439_10,phase1,,1184439,10,cx_img_max_rms_std_single_holo_card,True,2026-08-18 12:49:11,0.7880063776031555,0.5122576355934143,0.3839357429718875,0.3825235678027556,0.3809523809523809,0.3840947546531303,0.0319148936170212,0.0588957055214723,0.4191711653640587,0.0415889352072496,results/slurm/phase1_1184439_10.err,complex,image,max,rms,standard,complex_only / holographic,cardioid
phase1_1184439_11,phase1,,1184439,11,cx_img_max_rms_std_dual_none_modrelu,True,2026-08-19 07:44:40,0.5898397624761943,0.0787109732627868,0.6441767068273092,0.714930303762791,0.7936507936507936,0.6362098138747885,0.1041666666666666,0.1841620626151013,0.7647919856041683,0.1539580700019501,results/slurm/phase1_1184439_11.err,complex,image,max,rms,standard,dual / none,modrelu
phase1_1184439_12,phase1,,1184439,12,cx_img_max_rms_std_dual_none_magsilu,True,2026-08-19 00:09:17,0.5828425293047744,0.3063599467277527,0.6803212851405622,0.6963983562968334,0.7142857142857143,0.6785109983079526,0.1058823529411764,0.1844262295081967,0.7471597776166304,0.1083590083246545,results/slurm/phase1_1184439_12.err,complex,image,max,rms,standard,dual / none,magnitude_silu
phase1_1184439_13,phase1,,1184439,13,cx_img_max_rms_std_dual_none_crelu,True,2026-08-17 07:30:00,0.5191230851468671,0.235211044549942,0.5622489959839357,0.6943235839174926,0.8412698412698413,0.5473773265651438,0.0901360544217687,0.162826420890937,0.7561974592431445,0.1630979097222241,results/slurm/phase1_1184439_13.err,complex,image,max,rms,standard,dual / none,crelu
phase1_1184439_14,phase1,,1184439,14,cx_img_max_rms_std_dual_none_card,True,2026-08-17 13:37:46,0.4499775309624322,0.3048388659954071,0.6698795180722892,0.6683587140439933,0.6666666666666666,0.6700507614213198,0.0972222222222222,0.1696969696969697,0.7551097145005775,0.1052622468860565,results/slurm/phase1_1184439_14.err,complex,image,max,rms,standard,dual / none,cardioid
phase1_1184439_15,phase1,,1184439,15,cx_img_max_rms_std_dual_gate_modrelu,True,2026-08-17 17:37:52,0.403254904468959,0.1153460517525672,0.6377510040160642,0.6589517363629038,0.6825396825396826,0.6353637901861252,0.090717299578059,0.1601489757914339,0.7164477748234093,0.1079262615505722,results/slurm/phase1_1184439_15.err,complex,image,max,rms,standard,dual / modulus_gate,modrelu
phase1_1184439_16,phase1,,1184439,16,cx_img_max_rms_std_dual_gate_magsilu,True,2026-08-18 22:00:30,0.3255783089671291,0.0137892290949821,0.5975903614457831,0.6603416324228506,0.7301587301587301,0.5905245346869712,0.0867924528301886,0.1551433389544688,0.67452260091854,0.0705648228078673,results/slurm/phase1_1184439_16.err,complex,image,max,rms,standard,dual / modulus_gate,magnitude_silu
phase1_1184439_17,phase1,,1184439,17,cx_img_max_rms_std_dual_gate_crelu,True,2026-08-20 05:10:23,0.3106070470132203,0.0073027368634939,0.6393574297188755,0.6072032874063331,0.5714285714285714,0.6429780033840947,0.0786026200873362,0.1381957773512476,0.6302473612118281,0.1289399759618739,results/slurm/phase1_1184439_17.err,complex,image,max,rms,standard,dual / modulus_gate,crelu
phase1_1184439_18,phase1,,1184439,18,cx_img_max_rms_std_dual_gate_card,True,2026-08-18 09:26:35,0.3264301543262409,0.0286134202033281,0.5429718875502008,0.6616308113770042,0.7936507936507936,0.5296108291032149,0.0825082508250825,0.1494768310911808,0.6638331587570167,0.0883610551561014,results/slurm/phase1_1184439_18.err,complex,image,max,rms,standard,dual / modulus_gate,cardioid
phase1_1184439_19,phase1,,1184439,19,cx_img_max_rms_std_dual_holo_modrelu,True,2026-08-19 22:47:02,0.3594565117095847,0.1038684472441673,0.5662650602409639,0.6964386431391507,0.8412698412698413,0.5516074450084603,0.0909090909090909,0.1640866873065015,0.7672360540380844,0.2059711932900737,results/slurm/phase1_1184439_19.err,complex,image,max,rms,standard,dual / holographic,modrelu
phase1_1184439_20,phase1,,1184439,20,cx_img_max_rms_std_dual_holo_magsilu,True,2026-08-18 21:50:41,0.6302031113919484,0.5459562540054321,0.6899598393574298,0.6864475062444606,0.6825396825396826,0.6903553299492385,0.1051344743276283,0.1822033898305084,0.7584669513603524,0.1333618343999282,results/slurm/phase1_1184439_20.err,complex,image,max,rms,standard,dual / holographic,magnitude_silu
phase1_1184439_21,phase1,,1184439,21,cx_img_max_rms_std_dual_holo_crelu,True,2026-08-17 21:33:50,0.552827609111985,0.4311365187168121,0.6907630522088354,0.6793570219966159,0.6666666666666666,0.6920473773265652,0.1034482758620689,0.1791044776119403,0.7517256197459243,0.1206904876291339,results/slurm/phase1_1184439_21.err,complex,image,max,rms,standard,dual / holographic,crelu
phase1_1184439_22,phase1,,1184439,22,cx_img_max_rms_std_dual_holo_card,True,2026-08-19 00:12:53,0.3965328757542683,0.0210928190499544,0.6096385542168675,0.6817138022721778,0.7619047619047619,0.6015228426395939,0.0924855491329479,0.1649484536082474,0.709666156366664,0.1000567213413291,results/slurm/phase1_1184439_22.err,complex,image,max,rms,standard,dual / holographic,cardioid
phase1_1184439_23,phase1,,1184439,23,cx_img_max_rms_wl_single_none_modrelu,True,2026-08-18 03:02:51,0.4116876395471603,0.2428590804338455,0.606425702811245,0.7326162275400854,0.873015873015873,0.5922165820642978,0.1024208566108007,0.1833333333333333,0.7870303225633175,0.1571165714150614,results/slurm/phase1_1184439_23.err,complex,image,max,rms,widely_linear,complex_only / none,modrelu
phase1_1184439_24,phase1,,1184439,24,cx_img_max_rms_wl_single_none_magsilu,True,2026-08-20 21:57:47,0.7413254756525338,0.5931268930435181,0.734136546184739,0.5894972202078801,0.4285714285714285,0.7504230118443317,0.0838509316770186,0.1402597402597402,0.6838020035989578,0.0836045102410461,results/slurm/phase1_1184439_24.err,complex,image,max,rms,widely_linear,complex_only / none,magnitude_silu
phase1_1184439_25,phase1,,1184439,25,cx_img_max_rms_wl_single_none_crelu,True,2026-08-18 06:47:07,0.6400799069538653,0.469866007566452,0.5534136546184739,0.5318870356941423,0.5079365079365079,0.5558375634517766,0.0574506283662477,0.1032258064516129,0.5074799237235785,0.0483872693264203,results/slurm/phase1_1184439_25.err,complex,image,max,rms,widely_linear,complex_only / none,crelu
phase1_1184439_26,phase1,,1184439,26,cx_img_max_rms_wl_single_none_card,True,2026-08-20 09:11:16,0.7683686519722384,0.5625567436218262,0.6096385542168675,0.4187414390460076,0.2063492063492063,0.6311336717428088,0.0289532293986636,0.05078125,0.4109660784787688,0.0404906274613687,results/slurm/phase1_1184439_26.err,complex,image,max,rms,widely_linear,complex_only / none,cardioid
phase1_1184439_27,phase1,,1184439,27,cx_img_max_rms_wl_single_holo_modrelu,True,2026-08-18 11:48:30,0.5732662969564338,0.4648673832416534,0.7164658634538152,0.6252719361856418,0.5238095238095238,0.7267343485617598,0.0926966292134831,0.1575178997613365,0.6519485402734133,0.0942227112291233,results/slurm/phase1_1184439_27.err,complex,image,max,rms,widely_linear,complex_only / holographic,modrelu
phase1_1184439_28,phase1,,1184439,28,cx_img_max_rms_wl_single_holo_magsilu,True,2026-08-17 09:02:20,0.7109487316694605,0.5357437133789062,0.6313253012048192,0.610486665055193,0.5873015873015873,0.6336717428087987,0.0787234042553191,0.1388367729831144,0.6651491956060483,0.0810674008528473,results/slurm/phase1_1184439_28.err,complex,image,max,rms,widely_linear,complex_only / holographic,magnitude_silu
phase1_1184439_29,phase1,,1184439,29,cx_img_max_rms_wl_single_holo_crelu,True,2026-08-18 20:57:55,0.7044165183262653,0.5066818594932556,0.6867469879518072,0.3992426073644347,0.0793650793650793,0.7191201353637902,0.0148367952522255,0.025,0.3464467005076142,0.0366868933426455,results/slurm/phase1_1184439_29.err,complex,image,max,rms,widely_linear,complex_only / holographic,crelu
phase1_1184439_30,phase1,,1184439,30,cx_img_max_rms_wl_single_holo_card,True,2026-08-17 23:27:37,0.7013178660448296,0.4924201667308807,0.4698795180722891,0.4277858351462412,0.3809523809523809,0.4746192893401015,0.0372093023255813,0.0677966101694915,0.4406037654768618,0.0463922991373346,results/slurm/phase1_1184439_30.err,complex,image,max,rms,widely_linear,complex_only / holographic,cardioid
phase1_1184439_31,phase1,,1184439,31,cx_img_max_rms_wl_dual_none_modrelu,True,2026-08-19 11:10:02,0.4791934713362211,0.2085438519716262,0.5823293172690763,0.7124123761179599,0.8571428571428571,0.5676818950930627,0.095575221238938,0.1719745222929936,0.7473209249858996,0.1256722467129852,results/slurm/phase1_1184439_31.err,complex,image,max,rms,widely_linear,dual / none,modrelu
phase1_1184439_32,phase1,,1184439,32,cx_img_max_rms_wl_dual_none_magsilu,True,2026-08-18 04:22:54,0.6059693932952173,0.1339929848909378,0.4891566265060241,0.7084239787285472,0.9523809523809524,0.4644670050761421,0.0865800865800865,0.1587301587301587,0.7862648725592888,0.1727383323710296,results/slurm/phase1_1184439_32.err,complex,image,max,rms,widely_linear,dual / none,magnitude_silu
phase1_1184439_33,phase1,,1184439,33,cx_img_max_rms_wl_dual_none_crelu,True,2026-08-21 12:26:00,0.2979122994901485,0.0952361673116684,0.6634538152610442,0.6123801466441061,0.5555555555555556,0.6692047377326565,0.0821596244131455,0.1431492842535787,0.649491042892058,0.086170969235154,results/slurm/phase1_1184439_33.err,complex,image,max,rms,widely_linear,dual / none,crelu
phase1_1184439_34,phase1,,1184439,34,cx_img_max_rms_wl_dual_none_card,True,2026-08-18 17:53:19,0.6074973253839945,0.2789457440376282,0.5461847389558233,0.640782370477802,0.746031746031746,0.5355329949238579,0.0788590604026845,0.1426403641881639,0.685306045712137,0.0817027371531198,results/slurm/phase1_1184439_34.err,complex,image,max,rms,widely_linear,dual / none,cardioid
phase1_1184439_35,phase1,,1184439,35,cx_img_max_rms_wl_dual_gate_modrelu,True,2026-08-19 03:19:20,0.366666458125215,0.0392994433641433,0.5092369477911647,0.5762428490854887,0.6507936507936508,0.5016920473773265,0.065079365079365,0.1183261183261183,0.607055568984503,0.0752170750189719,results/slurm/phase1_1184439_35.err,complex,image,max,rms,widely_linear,dual / modulus_gate,modrelu
phase1_1184439_36,phase1,,1184439,36,cx_img_max_rms_wl_dual_gate_magsilu,True,2026-08-20 13:17:18,0.6776625853346054,0.3656773567199707,0.6216867469879518,0.7331399564902104,0.8571428571428571,0.6091370558375635,0.1046511627906976,0.1865284974093264,0.7873123304595386,0.1730873878941261,results/slurm/phase1_1184439_36.err,complex,image,max,rms,widely_linear,dual / modulus_gate,magnitude_silu
phase1_1184439_37,phase1,,1184439,37,cx_img_max_rms_wl_dual_gate_crelu,True,2026-08-18 19:15:24,0.4925804900835795,0.2836407423019409,0.6634538152610442,0.6649746192893401,0.6666666666666666,0.6632825719120136,0.0954545454545454,0.1669980119284294,0.7047914484462707,0.0980029500131162,results/slurm/phase1_1184439_37.err,complex,image,max,rms,widely_linear,dual / modulus_gate,crelu
phase1_1184439_38,phase1,,1184439,38,cx_img_max_rms_wl_dual_gate_card,True,2026-08-18 16:21:57,0.6822217235663329,0.1084115803241729,0.5341365461847389,0.6945451615502377,0.873015873015873,0.5160744500846024,0.087719298245614,0.1594202898550724,0.7645099777079472,0.1672141412474692,results/slurm/phase1_1184439_38.err,complex,image,max,rms,widely_linear,dual / modulus_gate,cardioid
phase1_1184439_39,phase1,,1184439,39,cx_img_max_rms_wl_dual_holo_modrelu,True,2026-08-18 11:11:53,0.4527708268009994,0.0954879596829414,0.5124497991967871,0.6831238417532834,0.873015873015873,0.4932318104906937,0.0840978593272171,0.1534170153417015,0.7447828539199096,0.1205404551666951,results/slurm/phase1_1184439_39.err,complex,image,max,rms,widely_linear,dual / holographic,modrelu
phase1_1184439_40,phase1,,1184439,40,cx_img_max_rms_wl_dual_holo_magsilu,True,2026-08-18 09:04:31,0.8016013082849931,0.4800794124603271,0.5983935742971888,0.7058456208202402,0.8253968253968254,0.5862944162436549,0.0961182994454713,0.1721854304635761,0.7720839040635994,0.1490334110232572,results/slurm/phase1_1184439_40.err,complex,image,max,rms,widely_linear,dual / holographic,magnitude_silu
phase1_1184439_41,phase1,,1184439,41,cx_img_max_rms_wl_dual_holo_crelu,True,2026-08-17 21:20:12,0.4793235949229404,0.3794844150543213,0.6666666666666666,0.6441261783901377,0.6190476190476191,0.6692047377326565,0.0906976744186046,0.1582150101419878,0.7202347380012355,0.093688866320581,results/slurm/phase1_1184439_41.err,complex,image,max,rms,widely_linear,dual / holographic,crelu
phase1_1184439_42,phase1,,1184439,42,cx_img_max_rms_wl_dual_holo_card,True,2026-08-19 22:49:46,0.4885808770466281,0.1613398939371109,0.5791164658634538,0.6731528482797519,0.7777777777777778,0.5685279187817259,0.0876565295169946,0.157556270096463,0.7059329089785943,0.088330605584976,results/slurm/phase1_1184439_42.err,complex,image,max,rms,widely_linear,dual / holographic,cardioid
phase1_1184439_43,phase1,,1184439,43,cx_img_max_cbn_std_single_none_modrelu,True,2026-08-19 15:30:26,0.3766615336199841,0.2397344559431076,0.5775100401606426,0.6798203206832648,0.7936507936507936,0.565989847715736,0.0888099467140319,0.1597444089456869,0.6854403351865281,0.0806115024996724,results/slurm/phase1_1184439_43.err,complex,image,max,batchnorm,standard,complex_only / none,modrelu
phase1_1184439_44,phase1,,1184439,44,cx_img_max_cbn_std_single_none_magsilu,True,2026-08-18 10:49:35,0.7160132448716336,0.2582321465015411,0.4714859437751004,0.6615502376923696,0.873015873015873,0.4500846023688663,0.0780141843971631,0.1432291666666666,0.6799076088416189,0.0770498663700483,results/slurm/phase1_1184439_44.err,complex,image,max,batchnorm,standard,complex_only / none,magnitude_silu
phase1_1184439_45,phase1,,1184439,45,cx_img_max_cbn_std_single_none_crelu,True,2026-08-19 06:53:32,0.4300735404572812,0.1357680857181549,0.5654618473895582,0.6809886391104665,0.8095238095238095,0.5524534686971235,0.0879310344827586,0.1586314152410575,0.7182338248328095,0.1318865245140259,results/slurm/phase1_1184439_45.err,complex,image,max,batchnorm,standard,complex_only / none,crelu
phase1_1184439_46,phase1,,1184439,46,cx_img_max_cbn_std_single_none_card,True,2026-08-21 17:40:31,0.5906949629715408,0.1975228488445282,0.5630522088353414,0.6797196035774715,0.8095238095238095,0.5499153976311336,0.0874785591766723,0.1578947368421052,0.7562108881905836,0.1359550463020995,results/slurm/phase1_1184439_46.err,complex,image,max,batchnorm,standard,complex_only / none,cardioid
phase1_1184439_47,phase1,,1184439,47,cx_img_max_cbn_std_single_holo_modrelu,True,2026-08-18 18:52:31,0.5754776597441918,0.3805321753025055,0.636144578313253,0.6355652243977117,0.6349206349206349,0.6362098138747885,0.0851063829787234,0.150093808630394,0.6963849273493944,0.1023436386493464,results/slurm/phase1_1184439_47.err,complex,image,max,batchnorm,standard,complex_only / holographic,modrelu
phase1_1184439_48,phase1,,1184439,48,cx_img_max_cbn_std_single_holo_magsilu,True,2026-08-17 13:17:23,1.0640260935787216,0.6838959455490112,0.6522088353413654,0.5914309886391105,0.5238095238095238,0.6590524534686971,0.0756880733944954,0.1322645290581162,0.6581124271479601,0.1142616333030908,results/slurm/phase1_1184439_48.err,complex,image,max,batchnorm,standard,complex_only / holographic,magnitude_silu
phase1_1184439_49,phase1,,1184439,49,cx_img_max_cbn_std_single_holo_crelu,True,2026-08-17 18:11:36,0.7667821267522482,0.5213733911514282,0.5807228915662651,0.6289178954153574,0.6825396825396826,0.5752961082910322,0.0788990825688073,0.1414473684210526,0.7086321274138534,0.1084361956593198,results/slurm/phase1_1184439_49.err,complex,image,max,batchnorm,standard,complex_only / holographic,crelu
phase1_1184439_50,phase1,,1184439,50,cx_img_max_cbn_std_single_holo_card,True,2026-08-17 21:55:28,0.3918001465768699,0.3521250784397125,0.714859437751004,0.6544798968656838,0.5873015873015873,0.7216582064297801,0.1010928961748633,0.1724941724941724,0.7278892380415223,0.1071895039522131,results/slurm/phase1_1184439_50.err,complex,image,max,batchnorm,standard,complex_only / holographic,cardioid
phase1_1184439_51,phase1,,1184439,51,cx_img_max_cbn_std_dual_none_modrelu,True,2026-08-21 01:14:15,0.4641466605376048,0.1697325110435485,0.6032128514056225,0.655789219240996,0.7142857142857143,0.5972927241962775,0.0863723608445297,0.1541095890410959,0.6572529745118577,0.069925959510671,results/slurm/phase1_1184439_51.err,complex,image,max,batchnorm,standard,dual / none,modrelu
phase1_1184439_52,phase1,,1184439,52,cx_img_max_cbn_std_dual_none_magsilu,True,2026-08-18 01:25:26,1.4565016893976663,0.6716853976249695,0.6385542168674698,0.644347756022883,0.6507936507936508,0.637901861252115,0.0874200426439232,0.1541353383458646,0.6922488115381517,0.1462415819384503,results/slurm/phase1_1184439_52.err,complex,image,max,batchnorm,standard,dual / none,magnitude_silu
phase1_1184439_53,phase1,,1184439,53,cx_img_max_cbn_std_dual_none_crelu,True,2026-08-17 18:49:22,0.847667465128573,0.5393709540367126,0.6136546184738956,0.6988558536781887,0.7936507936507936,0.6040609137055838,0.0965250965250965,0.1721170395869191,0.7423656433808717,0.1333420230796441,results/slurm/phase1_1184439_53.err,complex,image,max,batchnorm,standard,dual / none,crelu
phase1_1184439_54,phase1,,1184439,54,cx_img_max_cbn_std_dual_none_card,True,2026-08-18 04:57:10,0.4264480051386308,0.3147170841693878,0.6995983935742972,0.7215776327451455,0.746031746031746,0.6971235194585449,0.1160493827160493,0.2008547008547008,0.7856471409770902,0.1501889955813626,results/slurm/phase1_1184439_54.err,complex,image,max,batchnorm,standard,dual / none,cardioid
phase1_1184439_55,phase1,,1184439,55,cx_img_max_cbn_std_dual_gate_modrelu,True,2026-08-18 02:42:09,0.5290857175748466,0.3518319427967071,0.6771084337349398,0.7548142776569173,0.8412698412698413,0.6683587140439933,0.1191011235955056,0.2086614173228346,0.7881046383584454,0.1417715919816972,results/slurm/phase1_1184439_55.err,complex,image,max,batchnorm,standard,dual / modulus_gate,modrelu
phase1_1184439_56,phase1,,1184439,56,cx_img_max_cbn_std_dual_gate_magsilu,True,2026-08-18 00:02:55,0.6515026242977165,0.3409267663955688,0.5791164658634538,0.7182338248328096,0.873015873015873,0.5634517766497462,0.0963222416812609,0.1735015772870662,0.7622270566433003,0.1365626038320006,results/slurm/phase1_1184439_56.err,complex,image,max,batchnorm,standard,dual / modulus_gate,magnitude_silu
phase1_1184439_57,phase1,,1184439,57,cx_img_max_cbn_std_dual_gate_crelu,True,2026-08-18 03:41:42,0.4364910020287257,0.2082401514053344,0.5943775100401606,0.6811900733220531,0.7777777777777778,0.5846023688663282,0.0907407407407407,0.1625207296849088,0.6968952273520802,0.0829938332031637,results/slurm/phase1_1184439_57.err,complex,image,max,batchnorm,standard,dual / modulus_gate,crelu
phase1_1184439_58,phase1,,1184439,58,cx_img_max_cbn_std_dual_gate_card,True,2026-08-18 04:26:43,0.5941403683424594,0.4457443952560425,0.6867469879518072,0.6847554588671341,0.6825396825396826,0.6869712351945855,0.1041162227602905,0.180672268907563,0.7484556710445035,0.1438814642738324,results/slurm/phase1_1184439_58.err,complex,image,max,batchnorm,standard,dual / modulus_gate,cardioid
phase1_1184439_59,phase1,,1184439,59,cx_img_max_cbn_std_dual_holo_modrelu,True,2026-08-18 10:22:54,0.251461810543834,0.1071989312767982,0.659437751004016,0.6252920796068004,0.5873015873015873,0.6632825719120136,0.0850574712643678,0.1485943775100401,0.7051674589745656,0.1653736015627213,results/slurm/phase1_1184439_59.err,complex,image,max,batchnorm,standard,dual / holographic,modrelu
phase1_1184439_60,phase1,,1184439,60,cx_img_max_cbn_std_dual_holo_magsilu,True,2026-08-18 08:56:57,0.3172607116902389,0.0159646794199943,0.5076305220883535,0.7031262589638224,0.9206349206349206,0.4856175972927242,0.087087087087087,0.1591220850480109,0.7920258910106626,0.1491143528575874,results/slurm/phase1_1184439_60.err,complex,image,max,batchnorm,standard,dual / holographic,magnitude_silu
phase1_1184439_61,phase1,,1184439,61,cx_img_max_cbn_std_dual_holo_crelu,True,2026-08-18 05:07:14,0.9900862992542934,0.6814766526222229,0.6835341365461848,0.69809040367416,0.7142857142857143,0.6818950930626058,0.1068883610451306,0.1859504132231405,0.7569091934574168,0.1626184834969764,results/slurm/phase1_1184439_61.err,complex,image,max,batchnorm,standard,dual / holographic,crelu
phase1_1184439_62,phase1,,1184439,62,cx_img_max_cbn_std_dual_holo_card,True,2026-08-18 09:30:35,0.5503785549427371,0.2996200919151306,0.6546184738955824,0.6753484811860446,0.6984126984126984,0.6522842639593909,0.0967032967032967,0.1698841698841698,0.7245051432868691,0.096987665925768,results/slurm/phase1_1184439_62.err,complex,image,max,batchnorm,standard,dual / holographic,cardioid
phase1_1184439_63,phase1,,1184439,63,cx_img_max_cbn_wl_single_none_modrelu,True,2026-08-18 19:29:39,0.7901085031080437,0.5284160375595093,0.6289156626506024,0.6693255982596085,0.7142857142857143,0.6243654822335025,0.0920245398773006,0.1630434782608695,0.7820481830634115,0.1872094476564062,results/slurm/phase1_1184439_63.err,complex,image,max,batchnorm,widely_linear,complex_only / none,modrelu
phase1_1184439_64,phase1,,1184439,64,cx_img_max_cbn_wl_single_none_magsilu,True,2026-08-18 20:32:09,0.4905806744194413,0.3600000441074371,0.6056224899598394,0.6119772782209331,0.6190476190476191,0.6049069373942471,0.0770750988142292,0.1370826010544815,0.6429242875943383,0.0771391730762412,results/slurm/phase1_1184439_64.err,complex,image,max,batchnorm,widely_linear,complex_only / none,magnitude_silu
phase1_1184439_65,phase1,,1184439,65,cx_img_max_cbn_wl_single_none_crelu,True,2026-08-18 11:11:51,0.7589566550520529,0.5158377885818481,0.6746987951807228,0.6708967851099831,0.6666666666666666,0.6751269035532995,0.0985915492957746,0.1717791411042944,0.7338248328096044,0.1172036161320278,results/slurm/phase1_1184439_65.err,complex,image,max,batchnorm,widely_linear,complex_only / none,crelu
phase1_1184439_66,phase1,,1184439,66,cx_img_max_cbn_wl_single_none_card,True,2026-08-20 02:08:34,0.4364855866894185,0.3128207325935364,0.6819277108433734,0.6596768995246152,0.6349206349206349,0.6844331641285956,0.0968523002421307,0.1680672268907563,0.7205033169500175,0.1314825782073741,results/slurm/phase1_1184439_66.err,complex,image,max,batchnorm,widely_linear,complex_only / none,cardioid
phase1_1184439_67,phase1,,1184439,67,cx_img_max_cbn_wl_single_holo_modrelu,True,2026-08-19 02:44:34,0.6196244652491497,0.4359551072120666,0.6401606425702812,0.6376802836193699,0.6349206349206349,0.6404399323181049,0.086021505376344,0.1515151515151515,0.6823651062229742,0.1076355266841163,results/slurm/phase1_1184439_67.err,complex,image,max,batchnorm,widely_linear,complex_only / holographic,modrelu
phase1_1184439_68,phase1,,1184439,68,cx_img_max_cbn_wl_single_holo_magsilu,True,2026-08-18 22:40:35,0.6472123864664131,0.5141247510910034,0.7052208835341366,0.5892957859962936,0.4603174603174603,0.7182741116751269,0.080110497237569,0.1364705882352941,0.6399027744205409,0.1910281355015522,results/slurm/phase1_1184439_68.err,complex,image,max,batchnorm,widely_linear,complex_only / holographic,magnitude_silu
phase1_1184439_69,phase1,,1184439,69,cx_img_max_cbn_wl_single_holo_crelu,True,2026-08-18 11:23:05,0.2389611000039925,0.0466493219137191,0.6522088353413654,0.6289984690999919,0.6031746031746031,0.6548223350253807,0.085201793721973,0.1493123772102161,0.6933096983858404,0.0855807697337292,results/slurm/phase1_1184439_69.err,complex,image,max,batchnorm,widely_linear,complex_only / holographic,crelu
phase1_1184439_70,phase1,,1184439,70,cx_img_max_cbn_wl_single_holo_card,True,2026-08-19 04:14:05,0.4299748758175765,0.4025533497333526,0.7477911646586345,0.5666344371928128,0.365079365079365,0.7681895093062606,0.0774410774410774,0.1277777777777777,0.6945183036553595,0.1574045132607905,results/slurm/phase1_1184439_70.err,complex,image,max,batchnorm,widely_linear,complex_only / holographic,cardioid
phase1_1184439_71,phase1,,1184439,71,cx_img_max_cbn_wl_dual_none_modrelu,True,2026-08-18 17:02:54,0.6066090566207127,0.1245079264044761,0.465863453815261,0.6886431391507534,0.9365079365079364,0.4407783417935702,0.0819444444444444,0.1507024265644955,0.7452125802379609,0.1403833166782574,results/slurm/phase1_1184439_71.err,complex,image,max,batchnorm,widely_linear,dual / none,modrelu
phase1_1184439_72,phase1,,1184439,72,cx_img_max_cbn_wl_dual_none_magsilu,True,2026-08-18 23:30:27,0.6879939059416453,0.3739918172359466,0.5823293172690763,0.6898718878414309,0.8095238095238095,0.5702199661590525,0.0912343470483005,0.1639871382636656,0.7623882040125695,0.169332232735204,results/slurm/phase1_1184439_72.err,complex,image,max,batchnorm,widely_linear,dual / none,magnitude_silu
phase1_1184439_73,phase1,,1184439,73,cx_img_max_cbn_wl_dual_none_crelu,True,2026-08-19 00:26:40,0.568621286858307,0.270893394947052,0.6008032128514056,0.7446821368141165,0.9047619047619048,0.5846023688663282,0.1040145985401459,0.1865793780687397,0.7747831224988585,0.1199933956727855,results/slurm/phase1_1184439_73.err,complex,image,max,batchnorm,widely_linear,dual / none,crelu
phase1_1184439_74,phase1,,1184439,74,cx_img_max_cbn_wl_dual_none_card,True,2026-08-18 17:26:52,0.3929291064951973,0.1497165411710739,0.5799196787148594,0.7336838288614939,0.9047619047619048,0.562605752961083,0.0993031358885017,0.1789638932496075,0.7801681304219374,0.1462597431867826,results/slurm/phase1_1184439_74.err,complex,image,max,batchnorm,widely_linear,dual / none,cardioid
phase1_1184439_75,phase1,,1184439,75,cx_img_max_cbn_wl_dual_gate_modrelu,True,2026-08-18 21:42:25,0.674278386623924,0.306628942489624,0.5630522088353414,0.7022600918540005,0.8571428571428571,0.5473773265651438,0.0916808149405772,0.1656441717791411,0.7622942013804958,0.137950297755598,results/slurm/phase1_1184439_75.err,complex,image,max,batchnorm,widely_linear,dual / modulus_gate,modrelu
phase1_1184439_76,phase1,,1184439,76,cx_img_max_cbn_wl_dual_gate_magsilu,True,2026-08-19 01:56:38,0.3730203965095331,0.2662638127803802,0.6650602409638554,0.7334421078075901,0.8095238095238095,0.6573604060913706,0.1118421052631579,0.1965317919075144,0.7580775118846184,0.1060916618339467,results/slurm/phase1_1184439_76.err,complex,image,max,batchnorm,widely_linear,dual / modulus_gate,magnitude_silu
phase1_1184439_77,phase1,,1184439,77,cx_img_max_cbn_wl_dual_gate_crelu,True,2026-08-18 18:38:26,0.4609377973529708,0.1685764193534851,0.5397590361445783,0.667452260091854,0.8095238095238095,0.5253807106598984,0.0833333333333333,0.1511111111111111,0.7531222302795907,0.1658331988727925,results/slurm/phase1_1184439_77.err,complex,image,max,batchnorm,widely_linear,dual / modulus_gate,crelu
phase1_1184439_78,phase1,,1184439,78,cx_img_max_cbn_wl_dual_gate_card,True,2026-08-18 23:49:22,0.6348534576385375,0.427238792181015,0.6570281124497992,0.6315365401659818,0.6031746031746031,0.6598984771573604,0.0863636363636363,0.151093439363817,0.7236054038084494,0.1474553988935416,results/slurm/phase1_1184439_78.err,complex,image,max,batchnorm,widely_linear,dual / modulus_gate,cardioid
phase1_1184439_79,phase1,,1184439,79,cx_img_max_cbn_wl_dual_holo_modrelu,True,2026-08-18 17:26:54,0.4019249846657596,0.3234715461730957,0.697991967871486,0.6455966481347193,0.5873015873015873,0.7038917089678511,0.0956072351421188,0.1644444444444444,0.702790535277845,0.0866893960477332,results/slurm/phase1_1184439_79.err,complex,image,max,batchnorm,widely_linear,dual / holographic,modrelu
phase1_1184439_80,phase1,,1184439,80,cx_img_max_cbn_wl_dual_holo_magsilu,True,2026-08-19 16:01:39,0.8946449886364152,0.5320860743522644,0.6795180722891566,0.6884618483603255,0.6984126984126984,0.6785109983079526,0.1037735849056603,0.1806981519507187,0.7565063250342438,0.160344569768845,results/slurm/phase1_1184439_80.err,complex,image,max,batchnorm,widely_linear,dual / holographic,magnitude_silu
phase1_1184439_81,phase1,,1184439,81,cx_img_max_cbn_wl_dual_holo_crelu,True,2026-08-19 12:36:35,0.5880646308248182,0.099492110311985,0.619277108433735,0.6492224639432762,0.6825396825396826,0.6159052453468697,0.0865191146881287,0.1535714285714285,0.7499127118416459,0.1187485525681776,results/slurm/phase1_1184439_81.err,complex,image,max,batchnorm,widely_linear,dual / holographic,crelu
phase1_1184439_82,phase1,,1184439,82,cx_img_max_cbn_wl_dual_holo_card,True,2026-08-19 05:26:32,0.4232612971201479,0.1237640306353569,0.5590361445783133,0.6475505599871082,0.746031746031746,0.5490693739424704,0.0810344827586206,0.1461897356143079,0.6984664142024548,0.1021308634484012,results/slurm/phase1_1184439_82.err,complex,image,max,batchnorm,widely_linear,dual / holographic,cardioid
phase1_1184439_83,phase1,,1184439,83,cx_img_med_rms_std_single_none_magsilu,True,2026-08-19 06:55:51,0.5813320803833774,0.4342447519302368,0.6024096385542169,0.6102852308436064,0.6190476190476191,0.6015228426395939,0.0764705882352941,0.1361256544502617,0.6539360244944001,0.0714776465900755,results/slurm/phase1_1184439_83.err,complex,image,median,rms,standard,complex_only / none,magnitude_silu
phase1_1184439_84,phase1,,1184439,84,cx_img_med_rms_std_single_none_crelu,True,2026-08-19 10:24:19,0.6730929049562259,0.1819472461938858,0.5831325301204819,0.6978083957779389,0.8253968253968254,0.5702199661590525,0.0928571428571428,0.1669341894060995,0.7637713855987966,0.1585068042660774,results/slurm/phase1_1184439_84.err,complex,image,median,rms,standard,complex_only / none,crelu
phase1_1184439_85,phase1,,1184439,85,cx_img_med_rms_std_single_none_card,True,2026-08-19 02:02:43,0.6073618683949054,0.346309095621109,0.4899598393574297,0.6562525179276448,0.8412698412698413,0.4712351945854484,0.0781710914454277,0.1430499325236167,0.6874815351972712,0.0956752694057363,results/slurm/phase1_1184439_85.err,complex,image,median,rms,standard,complex_only / none,cardioid
phase1_1184439_86,phase1,,1184439,86,cx_img_med_rms_std_single_holo_modrelu,True,2026-08-19 02:09:25,0.5698033100570062,0.2375258654356002,0.5518072289156627,0.6212029651115945,0.6984126984126984,0.5439932318104906,0.0754716981132075,0.1362229102167182,0.6487658797303467,0.1272069133847552,results/slurm/phase1_1184439_86.err,complex,image,median,rms,standard,complex_only / holographic,modrelu
phase1_1184439_87,phase1,,1184439,87,cx_img_med_rms_std_single_holo_magsilu,True,2026-08-19 02:00:54,0.7191310987415084,0.4553166329860687,0.4859437751004016,0.6466239626138103,0.8253968253968254,0.4678510998307952,0.0763582966226138,0.1397849462365591,0.6702656245803453,0.0819070950030698,results/slurm/phase1_1184439_87.err,complex,image,median,rms,standard,complex_only / holographic,magnitude_silu
phase1_1184439_88,phase1,,1184439,88,cx_img_med_rms_std_single_holo_crelu,True,2026-08-19 19:32:21,0.4532317559889341,0.4222188293933868,0.7606425702811245,0.6861050680847636,0.6031746031746031,0.7690355329949239,0.1221864951768488,0.2032085561497326,0.6870652378266592,0.0947039781751777,results/slurm/phase1_1184439_88.err,complex,image,median,rms,standard,complex_only / holographic,crelu
phase1_1184439_89,phase1,,1184439,89,cx_img_med_rms_std_single_holo_card,True,2026-08-19 12:40:41,0.3399679920752065,0.0273703448474407,0.5004016064257029,0.6918056562726613,0.9047619047619048,0.4788494077834179,0.0846953937592867,0.154891304347826,0.77699889882631,0.1396668691293343,results/slurm/phase1_1184439_89.err,complex,image,median,rms,standard,complex_only / holographic,cardioid
phase1_1184439_90,phase1,,1184439,90,cx_img_med_rms_std_dual_none_modrelu,True,2026-08-19 18:36:38,0.6807434838010844,0.4456515610218048,0.6899598393574298,0.6939610023366368,0.6984126984126984,0.6895093062605753,0.1070559610705596,0.1856540084388185,0.713976848494615,0.0943210761889546,results/slurm/phase1_1184439_90.err,complex,image,median,rms,standard,dual / none,modrelu
phase1_1184439_91,phase1,,1184439,91,cx_img_med_rms_std_dual_none_magsilu,True,2026-08-19 04:48:31,0.7369673128049058,0.5680928826332092,0.7060240963855422,0.7399887196841511,0.7777777777777778,0.7021996615905245,0.1221945137157107,0.2112068965517241,0.771895898799452,0.1769923924628526,results/slurm/phase1_1184439_91.err,complex,image,median,rms,standard,dual / none,magnitude_silu
phase1_1184439_92,phase1,,1184439,92,cx_img_med_rms_std_dual_none_crelu,True,2026-08-19 02:12:10,0.5216374378142706,0.3462737798690796,0.6160642570281124,0.6775844009346548,0.746031746031746,0.6091370558375635,0.0923379174852652,0.1643356643356643,0.772285338275186,0.180990640039277,results/slurm/phase1_1184439_92.err,complex,image,median,rms,standard,dual / none,crelu
phase1_1184439_93,phase1,,1184439,93,cx_img_med_rms_std_dual_none_card,True,2026-08-19 04:24:21,0.6546038237980092,0.2687451839447021,0.4899598393574297,0.6787930062041737,0.8888888888888888,0.4686971235194585,0.0818713450292397,0.1499330655957162,0.7493755539440818,0.1623276203837821,results/slurm/phase1_1184439_93.err,complex,image,median,rms,standard,dual / none,cardioid
phase1_1184439_94,phase1,,1184439,94,cx_img_med_rms_std_dual_gate_modrelu,True,2026-08-20 17:01:07,0.3885505315784111,0.056023396551609,0.5983935742971888,0.600656675529772,0.6031746031746031,0.5981387478849408,0.074074074074074,0.1319444444444444,0.6330540112266,0.0762662906166301,results/slurm/phase1_1184439_94.err,complex,image,median,rms,standard,dual / modulus_gate,modrelu
phase1_1184439_95,phase1,,1184439,95,cx_img_med_rms_std_dual_gate_magsilu,True,2026-08-19 02:54:19,0.4606870227070697,0.1119556799530983,0.6738955823293172,0.6629602771734752,0.6507936507936508,0.6751269035532995,0.0964705882352941,0.1680327868852459,0.7133322590175382,0.0856484142288257,results/slurm/phase1_1184439_95.err,complex,image,median,rms,standard,dual / modulus_gate,magnitude_silu
phase1_1184439_96,phase1,,1184439,96,cx_img_med_rms_std_dual_gate_crelu,True,2026-08-19 05:02:55,0.6189328279361188,0.2628618776798248,0.6080321285140562,0.6207598098461042,0.6349206349206349,0.6065989847715736,0.0792079207920792,0.1408450704225352,0.6584750087288158,0.1038812648113823,results/slurm/phase1_1184439_96.err,complex,image,median,rms,standard,dual / modulus_gate,crelu
phase1_1184439_97,phase1,,1184439,97,cx_img_med_rms_std_dual_gate_card,True,2026-08-19 06:43:58,1.0619789506477046,0.4729840159416199,0.5269076305220883,0.6231165901216662,0.7301587301587301,0.5160744500846024,0.0744336569579288,0.1350954478707782,0.7006419036875889,0.1375242679820538,results/slurm/phase1_1184439_97.err,complex,image,median,rms,standard,dual / modulus_gate,cardioid
phase1_1184439_98,phase1,,1184439,98,cx_img_med_rms_std_dual_holo_modrelu,True,2026-08-19 18:27:32,0.5389388781893685,0.1071072369813919,0.5309236947791165,0.6327451454355008,0.746031746031746,0.5194585448392555,0.0764227642276422,0.1386430678466076,0.6663846587704455,0.0867054276812169,results/slurm/phase1_1184439_98.err,complex,image,median,rms,standard,dual / holographic,modrelu
phase1_1184439_99,phase1,,1184439,99,cx_img_med_rms_std_dual_holo_magsilu,True,2026-08-19 10:17:05,0.4644081515720091,0.2263969928026199,0.6208835341365462,0.7101764563693498,0.8095238095238095,0.61082910321489,0.0998043052837573,0.1777003484320557,0.7554857250288722,0.1756296462568967,results/slurm/phase1_1184439_99.err,complex,image,median,rms,standard,dual / holographic,magnitude_silu
phase1_1184439_100,phase1,,1184439,100,cx_img_med_rms_std_dual_holo_crelu,True,2026-08-20 04:09:13,0.760176342953161,0.529315710067749,0.6642570281124498,0.7405325920554346,0.8253968253968254,0.6556683587140439,0.1132897603485838,0.1992337164750957,0.771493030376279,0.1436710933322818,results/slurm/phase1_1184439_100.err,complex,image,median,rms,standard,dual / holographic,crelu
phase1_1184439_101,phase1,,1184439,101,cx_img_med_rms_std_dual_holo_card,True,2026-08-19 08:43:04,0.807342147447139,0.1997800767421722,0.4987951807228916,0.7059866247683506,0.9365079365079364,0.4754653130287648,0.0868924889543446,0.1590296495956873,0.7867080278247791,0.1606616348397015,results/slurm/phase1_1184439_101.err,complex,image,median,rms,standard,dual / holographic,cardioid
phase1_1184439_102,phase1,,1184439,102,cx_img_med_rms_wl_single_none_modrelu,True,2026-08-19 22:17:55,0.4952851000559856,0.2626664340496063,0.61285140562249,0.5932438965433889,0.5714285714285714,0.6150592216582065,0.0733197556008146,0.1299638989169675,0.624432626970698,0.1030322068482248,results/slurm/phase1_1184439_102.err,complex,image,median,rms,widely_linear,complex_only / none,modrelu
phase1_1184439_103,phase1,,1184439,103,cx_img_med_rms_wl_single_none_magsilu,True,2026-08-19 16:35:58,0.4024932374078107,0.2321191877126693,0.5357429718875502,0.5225807751188462,0.5079365079365079,0.5372250423011844,0.0552677029360967,0.0996884735202492,0.5751886767115193,0.065658040461771,results/slurm/phase1_1184439_103.err,complex,image,median,rms,widely_linear,complex_only / none,magnitude_silu
phase1_1184439_104,phase1,,1184439,104,cx_img_med_rms_wl_single_none_crelu,True,2026-08-19 09:46:25,1.0277591435784796,0.70961594581604,0.6939759036144578,0.6359680928208846,0.5714285714285714,0.700507614213198,0.0923076923076923,0.1589403973509933,0.7221550774850267,0.1408068749806007,results/slurm/phase1_1184439_104.err,complex,image,median,rms,widely_linear,complex_only / none,crelu
phase1_1184439_105,phase1,,1184439,105,cx_img_med_rms_wl_single_none_card,True,2026-08-19 22:22:44,0.6727581658995295,0.5238014459609985,0.6690763052208836,0.6003142373700749,0.5238095238095238,0.676818950930626,0.0795180722891566,0.1380753138075313,0.6784707114656354,0.1042473133370417,results/slurm/phase1_1184439_105.err,complex,image,median,rms,widely_linear,complex_only / none,cardioid
phase1_1184439_106,phase1,,1184439,106,cx_img_med_rms_wl_single_holo_modrelu,True,2026-08-22 16:48:15,0.4090685848371092,0.3819736242294311,0.7365461847389558,0.6133067440174039,0.4761904761904761,0.7504230118443317,0.0923076923076923,0.1546391752577319,0.7192678537856203,0.1042311589719263,results/slurm/phase1_1184439_106.err,complex,image,median,rms,widely_linear,complex_only / holographic,modrelu
phase1_1184439_107,phase1,,1184439,107,cx_img_med_rms_wl_single_holo_magsilu,True,2026-08-19 06:41:02,0.5943376349158076,0.5351369380950928,0.7172690763052209,0.5205060027395053,0.3015873015873015,0.739424703891709,0.0581039755351682,0.0974358974358974,0.5880670373056159,0.082022778012318,results/slurm/phase1_1184439_107.err,complex,image,median,rms,widely_linear,complex_only / holographic,magnitude_silu
phase1_1184439_108,phase1,,1184439,108,cx_img_med_rms_wl_single_holo_crelu,True,2026-08-19 12:10:22,0.4869511187734853,0.3497025072574615,0.6642570281124498,0.7104786076867295,0.7619047619047619,0.6590524534686971,0.106430155210643,0.1867704280155642,0.7625493513818388,0.1299959603754374,results/slurm/phase1_1184439_108.err,complex,image,median,rms,widely_linear,complex_only / holographic,crelu
phase1_1184439_109,phase1,,1184439,109,cx_img_med_rms_wl_single_holo_card,True,2026-08-19 11:43:29,0.5521389854899851,0.2287593185901641,0.5783132530120482,0.6201353637901861,0.6666666666666666,0.5736040609137056,0.0769230769230769,0.1379310344827586,0.6791421588375903,0.084640495744937,results/slurm/phase1_1184439_109.err,complex,image,median,rms,widely_linear,complex_only / holographic,cardioid
phase1_1184439_110,phase1,,1184439,110,cx_img_med_rms_wl_dual_none_modrelu,True,2026-08-19 08:30:03,0.352954993955791,0.2781756222248077,0.6939759036144578,0.6509950850052373,0.6031746031746031,0.6988155668358714,0.0964467005076142,0.1663019693654266,0.722463943276126,0.0877443306654598,results/slurm/phase1_1184439_110.err,complex,image,median,rms,widely_linear,dual / none,modrelu
phase1_1184439_111,phase1,,1184439,111,cx_img_med_rms_wl_dual_none_magsilu,True,2026-08-19 14:03:23,0.4802063882051701,0.1311377137899398,0.5244979919678715,0.689469019418258,0.873015873015873,0.505922165820643,0.0860719874804381,0.1566951566951566,0.7307496038460505,0.103357470782876,results/slurm/phase1_1184439_111.err,complex,image,median,rms,widely_linear,dual / none,magnitude_silu
phase1_1184439_112,phase1,,1184439,112,cx_img_med_rms_wl_dual_none_crelu,True,2026-08-19 08:58:41,0.3455671378856442,0.1843874156475067,0.7076305220883534,0.6807267746354041,0.6507936507936508,0.7106598984771574,0.1070496083550913,0.1838565022421524,0.7497784223672549,0.1563493735546236,results/slurm/phase1_1184439_112.err,complex,image,median,rms,widely_linear,dual / none,crelu
phase1_1184439_113,phase1,,1184439,113,cx_img_med_rms_wl_dual_none_card,True,2026-08-19 13:21:23,0.5861423595901952,0.1986510008573532,0.4995983935742972,0.6913826444283298,0.9047619047619048,0.4780033840947547,0.0845697329376854,0.1546811397557666,0.7438965433889292,0.1343513873697521,results/slurm/phase1_1184439_113.err,complex,image,median,rms,widely_linear,dual / none,cardioid
phase1_1184439_114,phase1,,1184439,114,cx_img_med_rms_wl_dual_gate_modrelu,True,2026-08-19 16:20:33,0.5879825337883459,0.1790109872817993,0.4811244979919679,0.6741398759165256,0.8888888888888888,0.4593908629441624,0.0805755395683453,0.1477572559366754,0.7125936669083878,0.1374938828166323,results/slurm/phase1_1184439_114.err,complex,image,median,rms,widely_linear,dual / modulus_gate,modrelu
phase1_1184439_115,phase1,,1184439,115,cx_img_med_rms_wl_dual_gate_magsilu,True,2026-08-19 14:11:54,0.6335392342035071,0.3700312077999115,0.6200803212851406,0.6721859640641366,0.7301587301587301,0.6142131979695431,0.0916334661354581,0.1628318584070796,0.7462063223484543,0.1126428992764859,results/slurm/phase1_1184439_115.err,complex,image,median,rms,widely_linear,dual / modulus_gate,magnitude_silu
phase1_1184439_116,phase1,,1184439,116,cx_img_med_rms_wl_dual_gate_crelu,True,2026-08-19 15:42:41,0.5419737206944021,0.3385558426380157,0.6329317269076306,0.7014946418499718,0.7777777777777778,0.6252115059221658,0.0995934959349593,0.1765765765765765,0.7480998039373673,0.1008792393743718,results/slurm/phase1_1184439_116.err,complex,image,median,rms,widely_linear,dual / modulus_gate,crelu
phase1_1184439_117,phase1,,1184439,117,cx_img_med_rms_wl_dual_gate_card,True,2026-08-19 18:39:59,0.3236256898646373,0.0242906212806701,0.5148594377510041,0.6693658851019257,0.8412698412698413,0.4974619289340101,0.0819165378670788,0.1492957746478873,0.7307630327934896,0.1192552326663704,results/slurm/phase1_1184439_117.err,complex,image,median,rms,widely_linear,dual / modulus_gate,cardioid
phase1_1184439_118,phase1,,1184439,118,cx_img_med_rms_wl_dual_holo_modrelu,True,2026-08-19 17:46:15,0.6818620463092643,0.3608399331569671,0.593574297188755,0.7333615341229553,0.8888888888888888,0.577834179357022,0.1009009009009009,0.1812297734627831,0.7761125882953294,0.1681318442784294,results/slurm/phase1_1184439_118.err,complex,image,median,rms,widely_linear,dual / holographic,modrelu
phase1_1184439_119,phase1,,1184439,119,cx_img_med_rms_wl_dual_holo_magsilu,True,2026-08-19 12:38:05,0.4159043729903707,0.2309834063053131,0.6385542168674698,0.7194827169446458,0.8095238095238095,0.6294416243654822,0.1042944785276073,0.1847826086956521,0.7592726882066984,0.1305306384390686,results/slurm/phase1_1184439_119.err,complex,image,median,rms,widely_linear,dual / holographic,magnitude_silu
phase1_1184439_120,phase1,,1184439,120,cx_img_med_rms_wl_dual_holo_crelu,True,2026-08-19 16:26:32,0.6308227944086833,0.6327112913131714,0.7461847389558233,0.678490854886794,0.6031746031746031,0.7538071065989848,0.1155015197568389,0.1938775510204081,0.74925469341713,0.1222840017569778,results/slurm/phase1_1184439_120.err,complex,image,median,rms,widely_linear,dual / holographic,crelu
phase1_1184439_121,phase1,,1184439,121,cx_img_med_rms_wl_dual_holo_card,True,2026-08-19 20:07:46,0.3380999488464321,0.1695632338523864,0.6642570281124498,0.6428571428571428,0.6190476190476191,0.6666666666666666,0.0900692840646651,0.157258064516129,0.7057583326618858,0.0943266482349528,results/slurm/phase1_1184439_121.err,complex,image,median,rms,widely_linear,dual / holographic,cardioid
phase1_1184439_122,phase1,,1184439,122,cx_img_med_cbn_std_single_none_modrelu,True,2026-08-19 23:32:30,1.0466253067355558,0.7880291938781738,0.7863453815261044,0.5418580291676738,0.2698412698412698,0.8138747884940778,0.0717299578059071,0.1133333333333333,0.6782289904117315,0.0991601359472704,results/slurm/phase1_1184439_122.err,complex,image,median,batchnorm,standard,complex_only / none,modrelu
phase1_1184439_123,phase1,,1184439,123,cx_img_med_cbn_std_single_none_magsilu,True,2026-08-22 20:57:11,0.3106679569047139,0.2266257852315902,0.672289156626506,0.6170332769317541,0.5555555555555556,0.6785109983079526,0.0843373493975903,0.1464435146443514,0.648819595520103,0.0749067040935529,results/slurm/phase1_1184439_123.err,complex,image,median,batchnorm,standard,complex_only / none,magnitude_silu
phase1_1184439_124,phase1,,1184439,124,cx_img_med_cbn_std_single_none_crelu,True,2026-08-20 04:44:19,0.3889789301109122,0.1790123432874679,0.6417670682730924,0.6986342760454436,0.7619047619047619,0.6353637901861252,0.1002087682672233,0.1771217712177121,0.7427685118040449,0.1504739107660773,results/slurm/phase1_1184439_124.err,complex,image,median,batchnorm,standard,complex_only / none,crelu
phase1_1184439_125,phase1,,1184439,125,cx_img_med_cbn_std_single_none_card,True,2026-08-20 10:12:48,0.4535905438972764,0.2770484685897827,0.619277108433735,0.7168439287728627,0.8253968253968254,0.6082910321489001,0.1009708737864077,0.1799307958477508,0.7971423199849595,0.160618381159918,results/slurm/phase1_1184439_125.err,complex,image,median,batchnorm,standard,complex_only / none,cardioid
phase1_1184439_126,phase1,,1184439,126,cx_img_med_cbn_std_single_holo_modrelu,True,2026-08-20 03:40:31,0.7447457191216419,0.5153929591178894,0.593574297188755,0.673253565385545,0.7619047619047619,0.5846023688663282,0.0890538033395176,0.1594684385382059,0.6760132140842801,0.0891380351232537,results/slurm/phase1_1184439_126.err,complex,image,median,batchnorm,standard,complex_only / holographic,modrelu
phase1_1184439_127,phase1,,1184439,127,cx_img_med_cbn_std_single_holo_magsilu,True,2026-08-20 01:56:29,0.6047992754174045,0.3246052861213684,0.2746987951807229,0.6029933123841753,0.9682539682539684,0.2377326565143824,0.0634095634095634,0.1190243902439024,0.6288373217307227,0.0800053325466718,results/slurm/phase1_1184439_127.err,complex,image,median,batchnorm,standard,complex_only / holographic,magnitude_silu
phase1_1184439_128,phase1,,1184439,128,cx_img_med_cbn_std_single_holo_crelu,True,2026-08-20 16:44:53,0.4379397371656684,0.2772760391235351,0.685140562248996,0.6989364273628234,0.7142857142857143,0.6835871404399323,0.107398568019093,0.1867219917012448,0.7014207826390567,0.0900112368878733,results/slurm/phase1_1184439_128.err,complex,image,median,batchnorm,standard,complex_only / holographic,crelu
phase1_1184439_129,phase1,,1184439,129,cx_img_med_cbn_std_single_holo_card,True,2026-08-20 17:23:37,0.460856639332022,0.4526990354061126,0.7526104417670683,0.7494964144710338,0.746031746031746,0.7529610829103215,0.1386430678466076,0.2338308457711442,0.8162248542959203,0.1655020902259311,results/slurm/phase1_1184439_129.err,complex,image,median,batchnorm,standard,complex_only / holographic,cardioid
phase1_1184439_130,phase1,,1184439,130,cx_img_med_cbn_std_dual_none_modrelu,True,2026-08-19 21:29:53,0.3514663581388542,0.125859647989273,0.5678714859437751,0.6822576746434614,0.8095238095238095,0.5549915397631133,0.0883882149046793,0.159375,0.7258077511884617,0.1073893732210229,results/slurm/phase1_1184439_130.err,complex,image,median,batchnorm,standard,dual / none,modrelu
phase1_1184439_131,phase1,,1184439,131,cx_img_med_cbn_std_dual_none_magsilu,True,2026-08-21 12:54:07,0.220612846940277,0.0167271569371223,0.6417670682730924,0.6836072838610909,0.7301587301587301,0.6370558375634517,0.0968421052631579,0.1710037174721189,0.7661885961378346,0.1771866721362004,results/slurm/phase1_1184439_131.err,complex,image,median,batchnorm,standard,dual / none,magnitude_silu
phase1_1184439_132,phase1,,1184439,132,cx_img_med_cbn_std_dual_none_crelu,True,2026-08-20 05:19:19,0.7128244026118972,0.2249537408351898,0.4819277108433735,0.6745628877608573,0.8888888888888888,0.4602368866328257,0.0806916426512968,0.1479524438573315,0.7540488276528885,0.1570137431569183,results/slurm/phase1_1184439_132.err,complex,image,median,batchnorm,standard,dual / none,crelu
phase1_1184439_133,phase1,,1184439,133,cx_img_med_cbn_std_dual_none_card,True,2026-08-19 20:39:34,0.4482213739410461,0.3570214807987213,0.7349397590361446,0.672568689066151,0.6031746031746031,0.7419627749576988,0.1107871720116618,0.1871921182266009,0.7418150565358688,0.1007534954232747,results/slurm/phase1_1184439_133.err,complex,image,median,batchnorm,standard,dual / none,cardioid
phase1_1184439_134,phase1,,1184439,134,cx_img_med_cbn_std_dual_gate_modrelu,True,2026-08-19 23:43:37,0.6028700569532363,0.2518596649169922,0.6184738955823293,0.7164209169285312,0.8253968253968254,0.6074450084602369,0.1007751937984496,0.1796200345423143,0.7715467461660355,0.214048768103657,results/slurm/phase1_1184439_134.err,complex,image,median,batchnorm,standard,dual / modulus_gate,modrelu
phase1_1184439_135,phase1,,1184439,135,cx_img_med_cbn_std_dual_gate_magsilu,True,2026-08-21 05:53:41,0.3732223181600073,0.1637636423110962,0.721285140562249,0.7029449681733946,0.6825396825396826,0.7233502538071066,0.1162162162162162,0.1986143187066974,0.7727284935406763,0.1826188428271996,results/slurm/phase1_1184439_135.err,complex,image,median,batchnorm,standard,dual / modulus_gate,magnitude_silu
phase1_1184439_136,phase1,,1184439,136,cx_img_med_cbn_std_dual_gate_crelu,True,2026-08-19 20:53:49,0.3271400252499254,0.0187753587961196,0.5590361445783133,0.692631536540166,0.8412698412698413,0.5439932318104906,0.089527027027027,0.1618320610687023,0.7226519485402734,0.1122950980534642,results/slurm/phase1_1184439_136.err,complex,image,median,batchnorm,standard,dual / modulus_gate,crelu
phase1_1184439_137,phase1,,1184439,137,cx_img_med_cbn_std_dual_gate_card,True,2026-08-19 18:52:19,0.6400915706012189,0.4627701044082641,0.655421686746988,0.6832849891225525,0.7142857142857143,0.6522842639593909,0.0986842105263157,0.1734104046242774,0.7855397093975774,0.1559221186703119,results/slurm/phase1_1184439_137.err,complex,image,median,batchnorm,standard,dual / modulus_gate,cardioid
phase1_1184439_138,phase1,,1184439,138,cx_img_med_cbn_std_dual_holo_modrelu,True,2026-08-20 15:14:34,0.3094423869523747,0.2415001690387725,0.7477911646586345,0.6267424059302231,0.492063492063492,0.7614213197969543,0.0990415335463258,0.1648936170212765,0.7234039695968629,0.116645560320395,results/slurm/phase1_1184439_138.err,complex,image,median,batchnorm,standard,dual / holographic,modrelu
phase1_1184439_139,phase1,,1184439,139,cx_img_med_cbn_std_dual_holo_magsilu,True,2026-08-20 08:51:08,0.5255567523385267,0.2346096783876419,0.5614457831325301,0.6638465877044557,0.7777777777777778,0.5499153976311336,0.0843373493975903,0.1521739130434782,0.7353154459753445,0.1344452413257938,results/slurm/phase1_1184439_139.err,complex,image,median,batchnorm,standard,dual / holographic,magnitude_silu
phase1_1184439_140,phase1,,1184439,140,cx_img_med_cbn_std_dual_holo_crelu,True,2026-08-19 20:31:53,0.9883418773611388,0.6079399585723877,0.6136546184738956,0.6763153654016598,0.746031746031746,0.6065989847715736,0.091796875,0.1634782608695652,0.7728359251201891,0.1467095380069789,results/slurm/phase1_1184439_140.err,complex,image,median,batchnorm,standard,dual / holographic,crelu
phase1_1184439_141,phase1,,1184439,141,cx_img_med_cbn_std_dual_holo_card,True,2026-08-20 07:35:00,0.4564246996354506,0.2118313163518905,0.6224899598393574,0.6809684956893078,0.746031746031746,0.6159052453468697,0.0938123752495009,0.1666666666666666,0.7357586012408347,0.1502002804694484,results/slurm/phase1_1184439_141.err,complex,image,median,batchnorm,standard,dual / holographic,cardioid
phase1_1184439_142,phase1,,1184439,142,cx_img_med_cbn_wl_single_none_modrelu,True,2026-08-21 01:19:16,0.6430556889159612,0.4754777252674103,0.6706827309236948,0.6838087180726775,0.6984126984126984,0.6692047377326565,0.1011494252873563,0.1767068273092369,0.7375312223027959,0.1507432860107536,results/slurm/phase1_1184439_142.err,complex,image,median,batchnorm,widely_linear,complex_only / none,modrelu
phase1_1184439_143,phase1,,1184439,143,cx_img_med_cbn_wl_single_none_magsilu,True,2026-08-20 17:01:10,0.5990297646407622,0.4974550902843475,0.7068273092369478,0.5225203448553702,0.3174603174603174,0.727580372250423,0.0584795321637426,0.0987654320987654,0.6417425402196976,0.0659413319777899,results/slurm/phase1_1184439_143.err,complex,image,median,batchnorm,widely_linear,complex_only / none,magnitude_silu
phase1_1184439_144,phase1,,1184439,144,cx_img_med_cbn_wl_single_none_crelu,True,2026-08-20 07:55:11,0.4721077369458704,0.3989935517311096,0.7413654618473896,0.6834662799129805,0.6190476190476191,0.7478849407783418,0.115727002967359,0.195,0.7404050170547632,0.14350770659463,results/slurm/phase1_1184439_144.err,complex,image,median,batchnorm,widely_linear,complex_only / none,crelu
phase1_1184439_145,phase1,,1184439,145,cx_img_med_cbn_wl_single_none_card,True,2026-08-21 00:55:21,0.6007947614154663,0.2682464718818664,0.6176706827309237,0.6483764402546128,0.6825396825396826,0.6142131979695431,0.0861723446893787,0.1530249110320284,0.7084172642548276,0.1441611933684894,results/slurm/phase1_1184439_145.err,complex,image,median,batchnorm,widely_linear,complex_only / none,cardioid
phase1_1184439_146,phase1,,1184439,146,cx_img_med_cbn_wl_single_holo_modrelu,True,2026-08-20 06:54:57,0.5107401105354589,0.3898513615131378,0.6457831325301204,0.6932358391749255,0.746031746031746,0.6404399323181049,0.0995762711864406,0.1757009345794392,0.7453065828700347,0.111262743340298,results/slurm/phase1_1184439_146.err,complex,image,median,batchnorm,widely_linear,complex_only / holographic,modrelu
phase1_1184439_147,phase1,,1184439,147,cx_img_med_cbn_wl_single_holo_magsilu,True,2026-08-21 00:21:03,0.6992870089040703,0.5772712230682373,0.7269076305220884,0.578176617516719,0.4126984126984127,0.7436548223350253,0.0790273556231003,0.1326530612244898,0.6217602664303172,0.0748462540183501,results/slurm/phase1_1184439_147.err,complex,image,median,batchnorm,widely_linear,complex_only / holographic,magnitude_silu
phase1_1184439_148,phase1,,1184439,148,cx_img_med_cbn_wl_single_holo_crelu,True,2026-08-21 00:30:00,0.6992701863683012,0.5818681716918945,0.6939759036144578,0.6735355732817662,0.6507936507936508,0.6962774957698815,0.1025,0.1771058315334773,0.7409556038997663,0.1172880963397019,results/slurm/phase1_1184439_148.err,complex,image,median,batchnorm,widely_linear,complex_only / holographic,crelu
phase1_1184439_149,phase1,,1184439,149,cx_img_med_cbn_wl_single_holo_card,True,2026-08-21 08:04:34,0.7145847801343505,0.5829030871391296,0.6771084337349398,0.6496253323664491,0.6190476190476191,0.6802030456852792,0.0935251798561151,0.1625,0.701716219482717,0.157318019929385,results/slurm/phase1_1184439_149.err,complex,image,median,batchnorm,widely_linear,complex_only / holographic,cardioid
phase1_1184439_150,phase1,,1184439,150,cx_img_med_cbn_wl_dual_none_modrelu,True,2026-08-20 02:54:55,0.4144780902498697,0.3757048845291137,0.7012048192771084,0.6773426798807509,0.6507936507936508,0.7038917089678511,0.1048593350383631,0.1806167400881057,0.7191738511535466,0.0897382354245679,results/slurm/phase1_1184439_150.err,complex,image,median,batchnorm,widely_linear,dual / none,modrelu
phase1_1184439_151,phase1,,1184439,151,cx_img_med_cbn_wl_dual_none_magsilu,True,2026-08-20 01:06:56,0.4565396066291265,0.2098450511693954,0.5799196787148594,0.7036298444927886,0.8412698412698413,0.565989847715736,0.0936395759717314,0.1685214626391097,0.74656890392931,0.1329270665433683,results/slurm/phase1_1184439_151.err,complex,image,median,batchnorm,widely_linear,dual / none,magnitude_silu
phase1_1184439_152,phase1,,1184439,152,cx_img_med_cbn_wl_dual_none_crelu,True,2026-08-20 16:56:26,0.3829948484179485,0.1935954391956329,0.5614457831325301,0.6939005720731609,0.8412698412698413,0.5465313028764806,0.0899830220713073,0.1625766871165644,0.7277952354094486,0.1421848387727246,results/slurm/phase1_1184439_152.err,complex,image,median,batchnorm,widely_linear,dual / none,crelu
phase1_1184439_153,phase1,,1184439,153,cx_img_med_cbn_wl_dual_none_card,True,2026-08-20 07:23:03,0.3018854116325278,0.1848179101943969,0.6337349397590362,0.7094311497864797,0.7936507936507936,0.6252115059221658,0.101419878296146,0.1798561151079136,0.7180592485161013,0.1163154263296937,results/slurm/phase1_1184439_153.err,complex,image,median,batchnorm,widely_linear,dual / none,cardioid
phase1_1184439_154,phase1,,1184439,154,cx_img_med_cbn_wl_dual_gate_modrelu,True,2026-08-20 01:46:19,0.4915752014242501,0.3869062066078186,0.6401606425702812,0.7053017484489565,0.7777777777777778,0.6328257191201354,0.1014492753623188,0.1794871794871795,0.7185829774662261,0.0878402922407744,results/slurm/phase1_1184439_154.err,complex,image,median,batchnorm,widely_linear,dual / modulus_gate,modrelu
phase1_1184439_155,phase1,,1184439,155,cx_img_med_cbn_wl_dual_gate_magsilu,True,2026-08-20 01:48:30,0.5449801668225522,0.4758612513542175,0.6939759036144578,0.6885625654661187,0.6825396825396826,0.694585448392555,0.1064356435643564,0.1841541755888651,0.7524507829076357,0.1040253404560502,results/slurm/phase1_1184439_155.err,complex,image,median,batchnorm,widely_linear,dual / modulus_gate,magnitude_silu
phase1_1184439_156,phase1,,1184439,156,cx_img_med_cbn_wl_dual_gate_crelu,True,2026-08-20 08:33:59,0.3593907797312641,0.2263668775558471,0.7871485943775101,0.6174160019337684,0.4285714285714285,0.8062605752961083,0.10546875,0.1692789968652037,0.717616093250611,0.1107310248080353,results/slurm/phase1_1184439_156.err,complex,image,median,batchnorm,widely_linear,dual / modulus_gate,crelu
phase1_1184439_157,phase1,,1184439,157,cx_img_med_cbn_wl_dual_gate_card,True,2026-08-20 16:48:25,0.3612846824060003,0.1050690859556198,0.5943775100401606,0.6887035694142293,0.7936507936507936,0.583756345177665,0.092250922509225,0.1652892561983471,0.7538205355464239,0.1045085823058546,results/slurm/phase1_1184439_157.err,complex,image,median,batchnorm,widely_linear,dual / modulus_gate,cardioid
phase1_1184439_158,phase1,,1184439,158,cx_img_med_cbn_wl_dual_holo_modrelu,True,2026-08-21 04:40:28,0.5887718802834132,0.0956496894359588,0.5751004016064257,0.6409838046893885,0.7142857142857143,0.5676818950930627,0.0809352517985611,0.1453957996768982,0.6847286009722559,0.1005419769322108,results/slurm/phase1_1184439_158.err,complex,image,median,batchnorm,widely_linear,dual / holographic,modrelu
phase1_1184439_159,phase1,,1184439,159,cx_img_med_cbn_wl_dual_holo_magsilu,True,2026-08-20 10:22:12,0.4742571224641788,0.3212854266166687,0.6305220883534136,0.6701716219482716,0.7142857142857143,0.626057529610829,0.0924024640657084,0.1636363636363636,0.7148631590255956,0.1140585892323892,results/slurm/phase1_1184439_159.err,complex,image,median,batchnorm,widely_linear,dual / holographic,magnitude_silu
phase1_1184439_160,phase1,,1184439,160,cx_img_med_cbn_wl_dual_holo_crelu,True,2026-08-20 17:43:47,0.4045849121718042,0.1504645347595214,0.6281124497991968,0.7290105551526871,0.8412698412698413,0.616751269035533,0.1047430830039525,0.1862917398945518,0.7570837697741252,0.1078863537757779,results/slurm/phase1_1184439_160.err,complex,image,median,batchnorm,widely_linear,dual / holographic,crelu
phase1_1184439_161,phase1,,1184439,161,cx_img_med_cbn_wl_dual_holo_card,True,2026-08-22 08:08:34,0.5320351302982813,0.3407461047172546,0.606425702811245,0.6725082588026751,0.746031746031746,0.5989847715736041,0.0902111324376199,0.160958904109589,0.7207047511616039,0.1319986368994496,results/slurm/phase1_1184439_161.err,complex,image,median,batchnorm,widely_linear,dual / holographic,cardioid
phase1_1184439_162,phase1,,1184439,162,cx_img_avg_rms_std_single_none_magsilu,True,2026-08-20 14:36:17,0.8506852925541889,0.5618482828140259,0.5630522088353414,0.589557650471356,0.6190476190476191,0.560067681895093,0.0697674418604651,0.1254019292604501,0.634383477023071,0.0694277884859849,results/slurm/phase1_1184439_162.err,complex,image,average,rms,standard,complex_only / none,magnitude_silu
phase1_1184439_163,phase1,,1184439,163,cx_img_avg_rms_std_single_none_crelu,True,2026-08-20 12:34:30,0.9169197525245596,0.7177355885505676,0.7413654618473896,0.6684392877286278,0.5873015873015873,0.7495769881556683,0.1111111111111111,0.1868686868686868,0.6934977036499879,0.1290677812026396,results/slurm/phase1_1184439_163.err,complex,image,average,rms,standard,complex_only / none,crelu
phase1_1184439_164,phase1,,1184439,164,cx_img_avg_rms_std_single_none_card,True,2026-08-20 22:57:10,0.5590072401556145,0.2820534110069275,0.5092369477911647,0.6513778100072516,0.8095238095238095,0.4932318104906937,0.0784615384615384,0.1430575035063113,0.643555448123976,0.0711532444977068,results/slurm/phase1_1184439_164.err,complex,image,average,rms,standard,complex_only / none,cardioid
phase1_1184439_165,phase1,,1184439,165,cx_img_avg_rms_std_single_holo_modrelu,True,2026-08-20 07:51:38,0.4521440132315379,0.1200287267565727,0.4891566265060241,0.6107485295302555,0.746031746031746,0.4754653130287648,0.0704647676161919,0.1287671232876712,0.665229769290683,0.0817183903975745,results/slurm/phase1_1184439_165.err,complex,image,average,rms,standard,complex_only / holographic,modrelu
phase1_1184439_166,phase1,,1184439,166,cx_img_avg_rms_std_single_holo_magsilu,True,2026-08-20 09:33:20,0.7666586147733482,0.6638879776000977,0.744578313253012,0.610023366368544,0.4603174603174603,0.7597292724196277,0.0926517571884984,0.1542553191489361,0.6886364246770338,0.137018450846733,results/slurm/phase1_1184439_166.err,complex,image,average,rms,standard,complex_only / holographic,magnitude_silu
phase1_1184439_167,phase1,,1184439,167,cx_img_avg_rms_std_single_holo_crelu,True,2026-08-20 14:07:21,0.4264321386634585,0.3113149404525757,0.697991967871486,0.6455966481347193,0.5873015873015873,0.7038917089678511,0.0956072351421188,0.1644444444444444,0.6641420245481159,0.120777866020743,results/slurm/phase1_1184439_167.err,complex,image,average,rms,standard,complex_only / holographic,crelu
phase1_1184439_168,phase1,,1184439,168,cx_img_avg_rms_std_single_holo_card,True,2026-08-20 07:24:31,0.7655726976184002,0.6714621782302856,0.8457831325301205,0.4980259447264523,0.1111111111111111,0.8849407783417935,0.0489510489510489,0.0679611650485436,0.6562323745064862,0.076712561271044,results/slurm/phase1_1184439_168.err,complex,image,average,rms,standard,complex_only / holographic,cardioid
phase1_1184439_169,phase1,,1184439,169,cx_img_avg_rms_std_dual_none_modrelu,True,2026-08-20 14:04:54,0.2982257784132932,0.0491653531789779,0.629718875502008,0.7373700749335267,0.8571428571428571,0.6175972927241963,0.1067193675889328,0.1898066783831282,0.7544919829183788,0.1124080532789689,results/slurm/phase1_1184439_169.err,complex,image,average,rms,standard,dual / none,modrelu
phase1_1184439_170,phase1,,1184439,170,cx_img_avg_rms_std_dual_none_magsilu,True,2026-08-21 16:26:02,0.4715448963833621,0.4026308357715606,0.7357429718875502,0.7105591813713641,0.6825396825396826,0.7385786802030457,0.1221590909090909,0.2072289156626506,0.7624956355920822,0.1462006974439927,results/slurm/phase1_1184439_170.err,complex,image,average,rms,standard,dual / none,magnitude_silu
phase1_1184439_171,phase1,,1184439,171,cx_img_avg_rms_std_dual_none_crelu,True,2026-08-21 23:08:24,0.4408975427289564,0.0757630169391632,0.5164658634538153,0.6852389009749416,0.873015873015873,0.4974619289340101,0.0847457627118644,0.1544943820224719,0.7490801171004217,0.1376477201756664,results/slurm/phase1_1184439_171.err,complex,image,average,rms,standard,dual / none,crelu
phase1_1184439_172,phase1,,1184439,172,cx_img_avg_rms_std_dual_none_card,True,2026-08-20 13:36:37,0.6254433826509729,0.1884835511445999,0.5734939759036145,0.7002457497381356,0.8412698412698413,0.5592216582064298,0.0923344947735191,0.1664050235478807,0.7529073671205652,0.170004465526778,results/slurm/phase1_1184439_172.err,complex,image,average,rms,standard,dual / none,cardioid
phase1_1184439_173,phase1,,1184439,173,cx_img_avg_rms_std_dual_gate_modrelu,True,2026-08-20 13:50:49,0.4992041212248514,0.3173776865005493,0.58714859437751,0.6548424784465394,0.7301587301587301,0.5795262267343486,0.0847145488029466,0.1518151815181518,0.6416351086401848,0.0772269103133741,results/slurm/phase1_1184439_173.err,complex,image,average,rms,standard,dual / modulus_gate,modrelu
phase1_1184439_174,phase1,,1184439,174,cx_img_avg_rms_std_dual_gate_magsilu,True,2026-08-21 05:33:35,0.4854298380005312,0.1703673601150512,0.5301204819277109,0.6774031101442268,0.8412698412698413,0.5135363790186125,0.0843949044585987,0.1534008683068017,0.7070475116160395,0.1131183805587207,results/slurm/phase1_1184439_174.err,complex,image,average,rms,standard,dual / modulus_gate,magnitude_silu
phase1_1184439_175,phase1,,1184439,175,cx_img_avg_rms_std_dual_gate_crelu,True,2026-08-21 01:13:54,0.3151609819636766,0.0044255219399929,0.4064257028112449,0.6197727822093304,0.8571428571428571,0.3824027072758037,0.0688775510204081,0.127508854781582,0.6665189482448365,0.1016931387084947,results/slurm/phase1_1184439_175.err,complex,image,average,rms,standard,dual / modulus_gate,crelu
phase1_1184439_176,phase1,,1184439,176,cx_img_avg_rms_std_dual_gate_card,True,2026-08-20 15:50:31,0.4889206731205723,0.0481706149876117,0.5052208835341365,0.664289742969946,0.8412698412698413,0.4873096446700508,0.0804248861911987,0.1468144044321329,0.7081352563586065,0.1098521654864014,results/slurm/phase1_1184439_176.err,complex,image,average,rms,standard,dual / modulus_gate,cardioid
phase1_1184439_177,phase1,,1184439,177,cx_img_avg_rms_std_dual_holo_modrelu,True,2026-08-20 19:28:35,0.4824448849841294,0.3848174512386322,0.6883534136546184,0.6630609942792685,0.6349206349206349,0.6912013536379019,0.0987654320987654,0.1709401709401709,0.7442591249697849,0.1614057185305501,results/slurm/phase1_1184439_177.err,complex,image,average,rms,standard,dual / holographic,modrelu
phase1_1184439_178,phase1,,1184439,178,cx_img_avg_rms_std_dual_holo_magsilu,True,2026-08-20 12:22:17,0.5197748491802369,0.2146213203668594,0.485140562248996,0.6612279429538312,0.8571428571428571,0.4653130287648054,0.0787172011661807,0.144192256341789,0.7031934037010179,0.1101843814525275,results/slurm/phase1_1184439_178.err,complex,image,average,rms,standard,dual / holographic,magnitude_silu
phase1_1184439_179,phase1,,1184439,179,cx_img_avg_rms_std_dual_holo_crelu,True,2026-08-20 20:01:59,0.2673269823403004,0.0124368853867053,0.4192771084337349,0.5814599951655789,0.7619047619047619,0.4010152284263959,0.0634920634920634,0.1172161172161172,0.6125882953294121,0.1269319057440542,results/slurm/phase1_1184439_179.err,complex,image,average,rms,standard,dual / holographic,crelu
phase1_1184439_180,phase1,,1184439,180,cx_img_avg_rms_std_dual_holo_card,True,2026-08-20 15:38:09,0.3626685564297749,0.0539006367325782,0.6144578313253012,0.6692248811538151,0.7301587301587301,0.6082910321489001,0.0903732809430255,0.1608391608391608,0.726358338033465,0.1033886246157232,results/slurm/phase1_1184439_180.err,complex,image,average,rms,standard,dual / holographic,cardioid
phase1_1184439_181,phase1,,1184439,181,cx_img_avg_rms_wl_single_none_modrelu,True,2026-08-21 00:06:42,0.5817615754692909,0.4971086978912353,0.6987951807228916,0.6084521795181694,0.5079365079365079,0.7089678510998308,0.0851063829787234,0.1457858769931662,0.7350468670265624,0.1506545869689139,results/slurm/phase1_1184439_181.err,complex,image,average,rms,widely_linear,complex_only / none,modrelu
phase1_1184439_182,phase1,,1184439,182,cx_img_avg_rms_wl_single_none_magsilu,True,2026-08-20 16:39:39,0.6440665290537608,0.4980614483356476,0.6224899598393574,0.5607525582144871,0.492063492063492,0.6294416243654822,0.0660980810234541,0.1165413533834586,0.5411731528482797,0.077754095566497,results/slurm/phase1_1184439_182.err,complex,image,average,rms,widely_linear,complex_only / none,magnitude_silu
phase1_1184439_183,phase1,,1184439,183,cx_img_avg_rms_wl_single_none_crelu,True,2026-08-20 21:47:27,0.4061488156098438,0.280070811510086,0.6160642570281124,0.6700709048424784,0.7301587301587301,0.6099830795262268,0.0907297830374753,0.1614035087719298,0.7266403459296861,0.1847385670528574,results/slurm/phase1_1184439_183.err,complex,image,average,rms,widely_linear,complex_only / none,crelu
phase1_1184439_184,phase1,,1184439,184,cx_img_avg_rms_wl_single_none_card,True,2026-08-23 03:06:09,0.6674868458485508,0.5214498043060303,0.6626506024096386,0.6044436387075981,0.5396825396825397,0.6692047377326565,0.08,0.1393442622950819,0.6197459243144523,0.0960405182216515,results/slurm/phase1_1184439_184.err,complex,image,average,rms,widely_linear,complex_only / none,cardioid
phase1_1184439_185,phase1,,1184439,185,cx_img_avg_rms_wl_single_holo_modrelu,True,2026-08-22 18:36:11,0.5788355756446301,0.4678323268890381,0.6819277108433734,0.6596768995246152,0.6349206349206349,0.6844331641285956,0.0968523002421307,0.1680672268907563,0.7072892326699433,0.1101217356633869,results/slurm/phase1_1184439_185.err,complex,image,average,rms,widely_linear,complex_only / holographic,modrelu
phase1_1184439_186,phase1,,1184439,186,cx_img_avg_rms_wl_single_holo_magsilu,True,2026-08-20 16:01:15,0.5635391784001546,0.3492359817028045,0.334136546184739,0.6192691966803642,0.9365079365079364,0.3020304568527919,0.0667420814479638,0.1246040126715945,0.6620068219052991,0.0958093029327126,results/slurm/phase1_1184439_186.err,complex,image,average,rms,widely_linear,complex_only / holographic,magnitude_silu
phase1_1184439_187,phase1,,1184439,187,cx_img_avg_rms_wl_single_holo_crelu,True,2026-08-21 04:19:30,0.4547548075741434,0.3114660382270813,0.6586345381526104,0.6849770364998791,0.7142857142857143,0.6556683587140439,0.0995575221238938,0.174757281553398,0.7540085408105712,0.1246784425322146,results/slurm/phase1_1184439_187.err,complex,image,average,rms,widely_linear,complex_only / holographic,crelu
phase1_1184439_188,phase1,,1184439,188,cx_img_avg_rms_wl_single_holo_card,True,2026-08-21 05:08:25,0.3792654803965286,0.1071519255638122,0.6369477911646586,0.6359882362420433,0.6349206349206349,0.6370558375634517,0.0852878464818763,0.150375939849624,0.6427899981199473,0.0786565581061807,results/slurm/phase1_1184439_188.err,complex,image,average,rms,widely_linear,complex_only / holographic,cardioid
phase1_1184439_189,phase1,,1184439,189,cx_img_avg_rms_wl_dual_none_modrelu,True,2026-08-20 17:33:51,0.3525033865595259,0.2952178418636322,0.7100401606425703,0.6744823140762226,0.6349206349206349,0.7140439932318104,0.1058201058201058,0.1814058956916099,0.7361748986114468,0.0942294555103929,results/slurm/phase1_1184439_189.err,complex,image,average,rms,widely_linear,dual / none,modrelu
phase1_1184439_190,phase1,,1184439,190,cx_img_avg_rms_wl_dual_none_magsilu,True,2026-08-21 01:43:21,0.4852372143043572,0.2613451182842254,0.6281124497991968,0.6839295785996293,0.746031746031746,0.6218274111675127,0.0951417004048583,0.1687612208258528,0.7508393092149438,0.1322676064766683,results/slurm/phase1_1184439_190.err,complex,image,average,rms,widely_linear,dual / none,magnitude_silu
phase1_1184439_191,phase1,,1184439,191,cx_img_avg_rms_wl_dual_none_crelu,True,2026-08-21 04:39:10,0.8615145758332976,0.6043058037757874,0.6939759036144578,0.66602207718959,0.6349206349206349,0.6971235194585449,0.100502512562814,0.1735357917570499,0.7560497408213145,0.1331849674630217,results/slurm/phase1_1184439_191.err,complex,image,average,rms,widely_linear,dual / none,crelu
phase1_1184439_192,phase1,,1184439,192,cx_img_avg_rms_wl_dual_none_card,True,2026-08-21 00:31:44,0.898887431376191,0.4538965821266174,0.5943775100401606,0.6361090967689953,0.6825396825396826,0.5896785109983079,0.0814393939393939,0.1455160744500846,0.6800821851583272,0.1211312070221596,results/slurm/phase1_1184439_192.err,complex,image,average,rms,widely_linear,dual / none,cardioid
phase1_1184439_193,phase1,,1184439,193,cx_img_avg_rms_wl_dual_gate_modrelu,True,2026-08-21 00:46:44,0.5090228250766375,0.2420988529920578,0.5967871485943775,0.7049995971315768,0.8253968253968254,0.5846023688663282,0.0957642725598526,0.1716171617161716,0.754639701340209,0.1444338793079317,results/slurm/phase1_1184439_193.err,complex,image,average,rms,widely_linear,dual / modulus_gate,modrelu
phase1_1184439_194,phase1,,1184439,194,cx_img_avg_rms_wl_dual_gate_magsilu,True,2026-08-20 23:14:22,0.3741070250490583,0.3358903229236603,0.7236947791164658,0.6741600193376843,0.6190476190476191,0.7292724196277496,0.1086350974930362,0.1848341232227488,0.7162329116643837,0.0965236206830423,results/slurm/phase1_1184439_194.err,complex,image,average,rms,widely_linear,dual / modulus_gate,magnitude_silu
phase1_1184439_195,phase1,,1184439,195,cx_img_avg_rms_wl_dual_gate_crelu,True,2026-08-20 20:35:35,0.3675322750605732,0.3023708164691925,0.6738955823293172,0.7005277576343566,0.7301587301587301,0.6708967851099831,0.1057471264367816,0.1847389558232931,0.749536701313351,0.1113664036412072,results/slurm/phase1_1184439_195.err,complex,image,average,rms,widely_linear,dual / modulus_gate,crelu
phase1_1184439_196,phase1,,1184439,196,cx_img_avg_rms_wl_dual_gate_card,True,2026-08-20 20:38:47,0.5023309365273958,0.3586736619472503,0.6666666666666666,0.7117476432197244,0.7619047619047619,0.6615905245346869,0.1071428571428571,0.1878669275929549,0.7330056670158194,0.1002402376931793,results/slurm/phase1_1184439_196.err,complex,image,average,rms,widely_linear,dual / modulus_gate,cardioid
phase1_1184439_197,phase1,,1184439,197,cx_img_avg_rms_wl_dual_holo_modrelu,True,2026-08-21 00:03:14,0.4815104323667455,0.3410715758800506,0.606425702811245,0.6574812666183225,0.7142857142857143,0.6006768189509306,0.0870406189555125,0.1551724137931034,0.7148228721832783,0.0962930188222784,results/slurm/phase1_1184439_197.err,complex,image,average,rms,widely_linear,dual / holographic,modrelu
phase1_1184439_198,phase1,,1184439,198,cx_img_avg_rms_wl_dual_holo_magsilu,True,2026-08-20 22:22:26,0.8679722860635045,0.5673955082893372,0.6578313253012048,0.6920675207477238,0.7301587301587301,0.6539763113367174,0.1010989010989011,0.1776061776061776,0.7288829801520156,0.1265307410953819,results/slurm/phase1_1184439_198.err,complex,image,average,rms,widely_linear,dual / holographic,magnitude_silu
phase1_1184439_199,phase1,,1184439,199,cx_img_avg_rms_wl_dual_holo_crelu,True,2026-08-21 03:08:48,0.3206284707329838,0.0442473553121089,0.6273092369477912,0.6534525823865925,0.6825396825396826,0.6243654822335025,0.0882956878850102,0.1563636363636363,0.7005479010555152,0.1244195567698717,results/slurm/phase1_1184439_199.err,complex,image,average,rms,widely_linear,dual / holographic,crelu
phase1_1184439_200,phase1,,1184439,200,cx_img_avg_rms_wl_dual_holo_card,True,2026-08-20 23:52:02,0.2524994221070863,0.0647528246045112,0.6578313253012048,0.6770405285633712,0.6984126984126984,0.6556683587140439,0.0975609756097561,0.1712062256809338,0.7505707302661616,0.1949584267196092,results/slurm/phase1_1184439_200.err,complex,image,average,rms,widely_linear,dual / holographic,cardioid
phase1_1184439_201,phase1,,1184439,201,cx_img_avg_cbn_std_single_none_modrelu,True,2026-08-21 00:31:35,0.2342360058941515,0.1401960551738739,0.6883534136546184,0.6254935138183869,0.5555555555555556,0.6954314720812182,0.0886075949367088,0.1528384279475982,0.7140842800741277,0.1436383487191351,results/slurm/phase1_1184439_201.err,complex,image,average,batchnorm,standard,complex_only / none,modrelu
phase1_1184439_202,phase1,,1184439,202,cx_img_avg_cbn_std_single_none_magsilu,True,2026-08-21 13:02:42,0.5579627604609033,0.4664048254489898,0.6899598393574298,0.6113125453226976,0.5238095238095238,0.6988155668358714,0.0848329048843187,0.1460176991150442,0.6643166008648242,0.0901260854220292,results/slurm/phase1_1184439_202.err,complex,image,average,batchnorm,standard,complex_only / none,magnitude_silu
phase1_1184439_203,phase1,,1184439,203,cx_img_avg_cbn_std_single_none_crelu,True,2026-08-21 08:36:56,0.7262262005164442,0.4010714292526245,0.6305220883534136,0.677685118040448,0.7301587301587301,0.6252115059221658,0.0940695296523517,0.1666666666666666,0.7490532592055434,0.1389172321197209,results/slurm/phase1_1184439_203.err,complex,image,average,batchnorm,standard,complex_only / none,crelu
phase1_1184439_204,phase1,,1184439,204,cx_img_avg_cbn_std_single_none_card,True,2026-08-23 05:34:18,0.5044184314259085,0.2295203804969787,0.5734939759036145,0.6777052614616066,0.7936507936507936,0.5617597292724196,0.0880281690140845,0.1584786053882725,0.7371283538796229,0.1011149928967542,results/slurm/phase1_1184439_204.err,complex,image,average,batchnorm,standard,complex_only / none,cardioid
phase1_1184439_205,phase1,,1184439,205,cx_img_avg_cbn_std_single_holo_modrelu,True,2026-08-25 19:16:28,0.6399618742994994,0.399323046207428,0.5694779116465863,0.6906171944243009,0.8253968253968254,0.5558375634517766,0.0901213171577123,0.1625,0.7494158407863991,0.111095186781163,results/slurm/phase1_1184439_205.err,complex,image,average,batchnorm,standard,complex_only / holographic,modrelu
phase1_1184439_206,phase1,,1184439,206,cx_img_avg_cbn_std_single_holo_magsilu,True,2026-08-21 13:54:12,0.6965210275956426,0.4232866168022156,0.4730923694779116,0.6173152848279752,0.7777777777777778,0.4568527918781725,0.0709117221418234,0.129973474801061,0.5777938925147048,0.0545673186830906,results/slurm/phase1_1184439_206.err,complex,image,average,batchnorm,standard,complex_only / holographic,magnitude_silu
phase1_1184439_207,phase1,,1184439,207,cx_img_avg_cbn_std_single_holo_crelu,True,2026-08-21 20:12:27,0.5434519130033422,0.5529552698135376,0.7598393574297189,0.6180605914108452,0.4603174603174603,0.7758037225042301,0.0986394557823129,0.1624649859943977,0.6831708430693202,0.0834861800843239,results/slurm/phase1_1184439_207.err,complex,image,average,batchnorm,standard,complex_only / holographic,crelu
phase1_1184439_208,phase1,,1184439,208,cx_img_avg_cbn_std_single_holo_card,True,2026-08-22 14:41:13,0.374750765697305,0.1850503236055374,0.6337349397590362,0.7244581419708322,0.8253968253968254,0.6235194585448393,0.1046277665995975,0.1857142857142857,0.7882657857277147,0.1323366054636159,results/slurm/phase1_1184439_208.err,complex,image,average,batchnorm,standard,complex_only / holographic,cardioid
phase1_1184439_209,phase1,,1184439,209,cx_img_avg_cbn_std_dual_none_modrelu,True,2026-08-21 00:08:03,0.5722661211069329,0.4877614378929138,0.738152610441767,0.6517202481669486,0.5555555555555556,0.7478849407783418,0.1051051051051051,0.1767676767676767,0.7548142776569173,0.1271929873926768,results/slurm/phase1_1184439_209.err,complex,image,average,batchnorm,standard,dual / none,modrelu
phase1_1184439_210,phase1,,1184439,210,cx_img_avg_cbn_std_dual_none_magsilu,True,2026-08-21 08:54:53,0.5508487632969417,0.4929032027721405,0.7132530120481928,0.6912013536379018,0.6666666666666666,0.7157360406091371,0.1111111111111111,0.1904761904761904,0.7789460962049795,0.1485573484511995,results/slurm/phase1_1184439_210.err,complex,image,average,batchnorm,standard,dual / none,magnitude_silu
phase1_1184439_211,phase1,,1184439,211,cx_img_avg_cbn_std_dual_none_crelu,True,2026-08-21 07:00:07,0.3216260746749769,0.1595496535301208,0.6899598393574298,0.7315284827975184,0.7777777777777778,0.6852791878172588,0.1163895486935867,0.2024793388429752,0.7766363172454543,0.1232940046475367,results/slurm/phase1_1184439_211.err,complex,image,average,batchnorm,standard,dual / none,crelu
phase1_1184439_212,phase1,,1184439,212,cx_img_avg_cbn_std_dual_none_card,True,2026-08-21 09:07:50,0.2242781670218012,0.041291557252407,0.642570281124498,0.6464628152445411,0.6507936507936508,0.6421319796954315,0.0883620689655172,0.1555977229601518,0.7323342196438644,0.1140052325659837,results/slurm/phase1_1184439_212.err,complex,image,average,batchnorm,standard,dual / none,cardioid
phase1_1184439_213,phase1,,1184439,213,cx_img_avg_cbn_std_dual_gate_modrelu,True,2026-08-21 06:14:13,0.276509398867537,0.0309741701930761,0.6321285140562249,0.7311256143743454,0.8412698412698413,0.6209813874788495,0.1057884231536926,0.1879432624113475,0.7514570407971423,0.1066332740887508,results/slurm/phase1_1184439_213.err,complex,image,average,batchnorm,standard,dual / modulus_gate,modrelu
phase1_1184439_214,phase1,,1184439,214,cx_img_avg_cbn_std_dual_gate_magsilu,True,2026-08-21 09:51:18,0.2877312962818577,0.0317451506853103,0.5228915662650603,0.6735960035452422,0.8412698412698413,0.505922165820643,0.0832025117739403,0.1514285714285714,0.7257808932935836,0.126498394276798,results/slurm/phase1_1184439_214.err,complex,image,average,batchnorm,standard,dual / modulus_gate,magnitude_silu
phase1_1184439_215,phase1,,1184439,215,cx_img_avg_cbn_std_dual_gate_crelu,True,2026-08-21 12:35:44,0.4307470287215039,0.1064890250563621,0.6032128514056225,0.7234106840705825,0.8571428571428571,0.5896785109983079,0.1001855287569573,0.1794019933554817,0.7503827250020143,0.0931574871573158,results/slurm/phase1_1184439_215.err,complex,image,average,batchnorm,standard,dual / modulus_gate,crelu
phase1_1184439_216,phase1,,1184439,216,cx_img_avg_cbn_std_dual_gate_card,True,2026-08-21 03:37:49,0.4764767621886958,0.3123314082622528,0.6401606425702812,0.690274756264604,0.746031746031746,0.6345177664974619,0.0981210855949895,0.1734317343173431,0.7525044986973921,0.1510161282404248,results/slurm/phase1_1184439_216.err,complex,image,average,batchnorm,standard,dual / modulus_gate,cardioid
phase1_1184439_217,phase1,,1184439,217,cx_img_avg_cbn_std_dual_holo_modrelu,True,2026-08-21 13:25:38,0.634027531258313,0.3708013892173767,0.6168674698795181,0.6855209088711627,0.7619047619047619,0.6091370558375635,0.0941176470588235,0.1675392670157068,0.7074772379340907,0.0911719642639007,results/slurm/phase1_1184439_217.err,complex,image,average,batchnorm,standard,dual / holographic,modrelu
phase1_1184439_218,phase1,,1184439,218,cx_img_avg_cbn_std_dual_holo_magsilu,True,2026-08-21 09:12:34,0.5762554045669346,0.182232454419136,0.4995983935742972,0.6838691483361534,0.8888888888888888,0.4788494077834179,0.0833333333333333,0.1523809523809524,0.7604947224236565,0.1450359141704326,results/slurm/phase1_1184439_218.err,complex,image,average,batchnorm,standard,dual / holographic,magnitude_silu
phase1_1184439_219,phase1,,1184439,219,cx_img_avg_cbn_std_dual_holo_crelu,True,2026-08-21 05:26:07,0.8647713665532539,0.6179911494255066,0.6923694779116466,0.7102570300539843,0.7301587301587301,0.6903553299492385,0.1116504854368932,0.1936842105263158,0.7895818225767464,0.1795189901548504,results/slurm/phase1_1184439_219.err,complex,image,average,batchnorm,standard,dual / holographic,crelu
phase1_1184439_220,phase1,,1184439,220,cx_img_avg_cbn_std_dual_holo_card,True,2026-08-21 12:04:56,0.4914389267025223,0.1447834372520446,0.4216867469879518,0.6728909838046894,0.9523809523809524,0.3934010152284264,0.0772200772200772,0.1428571428571428,0.7273117933016411,0.0873707337718063,results/slurm/phase1_1184439_220.err,complex,image,average,batchnorm,standard,dual / holographic,cardioid
phase1_1184439_221,phase1,,1184439,221,cx_img_avg_cbn_wl_single_none_modrelu,True,2026-08-21 15:16:16,0.3794104645978734,0.3397822976112366,0.7180722891566265,0.5885504794134235,0.4444444444444444,0.7326565143824028,0.0813953488372093,0.1375921375921376,0.6637391561249429,0.1295721062506563,results/slurm/phase1_1184439_221.err,complex,image,average,batchnorm,widely_linear,complex_only / none,modrelu
phase1_1184439_222,phase1,,1184439,222,cx_img_avg_cbn_wl_single_none_magsilu,True,2026-08-21 15:59:34,0.5802308969947708,0.4373198449611664,0.6136546184738956,0.5485859318346629,0.4761904761904761,0.6209813874788495,0.0627615062761506,0.11090573012939,0.6094996374184192,0.074950478664887,results/slurm/phase1_1184439_222.err,complex,image,average,batchnorm,widely_linear,complex_only / none,magnitude_silu
phase1_1184439_223,phase1,,1184439,223,cx_img_avg_cbn_wl_single_none_crelu,True,2026-08-21 23:25:38,0.4562389804596403,0.3238842487335205,0.7389558232931727,0.6521432600112803,0.5555555555555556,0.748730964467005,0.1054216867469879,0.1772151898734177,0.7364031907179115,0.1064414624630909,results/slurm/phase1_1184439_223.err,complex,image,average,batchnorm,widely_linear,complex_only / none,crelu
phase1_1184439_224,phase1,,1184439,224,cx_img_avg_cbn_wl_single_none_card,True,2026-08-22 06:18:12,0.6227637646428074,0.5129894018173218,0.7012048192771084,0.6322617033276932,0.5555555555555556,0.7089678510998308,0.0923482849604221,0.1583710407239819,0.6738780114414632,0.0892376173930238,results/slurm/phase1_1184439_224.err,complex,image,average,batchnorm,widely_linear,complex_only / none,cardioid
phase1_1184439_225,phase1,,1184439,225,cx_img_avg_cbn_wl_single_holo_modrelu,True,2026-08-21 13:11:14,0.7429910936389104,0.5008705854415894,0.619277108433735,0.6492224639432762,0.6825396825396826,0.6159052453468697,0.0865191146881287,0.1535714285714285,0.7100958826847151,0.1202257667969132,results/slurm/phase1_1184439_225.err,complex,image,average,batchnorm,widely_linear,complex_only / holographic,modrelu
phase1_1184439_226,phase1,,1184439,226,cx_img_avg_cbn_wl_single_holo_magsilu,True,2026-08-21 19:58:09,0.6726989348250699,0.472849428653717,0.5550200803212851,0.6228950124889211,0.6984126984126984,0.5473773265651438,0.0759930915371329,0.1370716510903426,0.6138506163886874,0.0638336392679046,results/slurm/phase1_1184439_226.err,complex,image,average,batchnorm,widely_linear,complex_only / holographic,magnitude_silu
phase1_1184439_227,phase1,,1184439,227,cx_img_avg_cbn_wl_single_holo_crelu,True,2026-08-22 00:42:32,0.4180583850940667,0.2119906693696975,0.6674698795180722,0.6821166706953509,0.6984126984126984,0.6658206429780034,0.1002277904328018,0.1752988047808765,0.714916874815352,0.1171079082069602,results/slurm/phase1_1184439_227.err,complex,image,average,batchnorm,widely_linear,complex_only / holographic,crelu
phase1_1184439_228,phase1,,1184439,228,cx_img_avg_cbn_wl_single_holo_card,True,2026-08-22 12:03:02,0.5529070837430686,0.4131801426410675,0.7028112449799196,0.6932156957537668,0.6825396825396826,0.7038917089678511,0.1094147582697201,0.1885964912280701,0.7618779040098838,0.1352303653120033,results/slurm/phase1_1184439_228.err,complex,image,average,batchnorm,widely_linear,complex_only / holographic,cardioid
phase1_1184439_229,phase1,,1184439,229,cx_img_avg_cbn_wl_dual_none_modrelu,True,2026-08-21 19:24:24,0.26301842434818,0.0123467426747083,0.5823293172690763,0.6072234308274918,0.6349206349206349,0.5795262267343486,0.074487895716946,0.1333333333333333,0.6559772245051433,0.0783737677100746,results/slurm/phase1_1184439_229.err,complex,image,average,batchnorm,widely_linear,dual / none,modrelu
phase1_1184439_230,phase1,,1184439,230,cx_img_avg_cbn_wl_dual_none_magsilu,True,2026-08-21 18:19:33,0.4985003301178116,0.3391279578208923,0.6032128514056225,0.7234106840705825,0.8571428571428571,0.5896785109983079,0.1001855287569573,0.1794019933554817,0.7349662933419279,0.1001474109091458,results/slurm/phase1_1184439_230.err,complex,image,average,batchnorm,widely_linear,dual / none,magnitude_silu
phase1_1184439_231,phase1,,1184439,231,cx_img_avg_cbn_wl_dual_none_crelu,True,2026-08-21 12:18:06,0.7951168498959408,0.4454201161861419,0.6208835341365462,0.7101764563693498,0.8095238095238095,0.61082910321489,0.0998043052837573,0.1777003484320557,0.7387398275723148,0.1269751771983633,results/slurm/phase1_1184439_231.err,complex,image,average,batchnorm,widely_linear,dual / none,crelu
phase1_1184439_232,phase1,,1184439,232,cx_img_avg_cbn_wl_dual_none_card,True,2026-08-21 17:01:51,0.5902945479834415,0.176152765750885,0.4779116465863454,0.6799613246313754,0.9047619047619048,0.455160744500846,0.0813124108416547,0.1492146596858638,0.7648054145516074,0.1604006416699755,results/slurm/phase1_1184439_232.err,complex,image,average,batchnorm,widely_linear,dual / none,cardioid
phase1_1184439_233,phase1,,1184439,233,cx_img_avg_cbn_wl_dual_gate_modrelu,True,2026-08-21 12:32:11,0.3825195484820858,0.2092550247907638,0.7140562248995984,0.6240029006526469,0.5238095238095238,0.7241962774957699,0.0919220055710306,0.1563981042654028,0.6686004350978969,0.0866106860698053,results/slurm/phase1_1184439_233.err,complex,image,average,batchnorm,widely_linear,dual / modulus_gate,modrelu
phase1_1184439_234,phase1,,1184439,234,cx_img_avg_cbn_wl_dual_gate_magsilu,True,2026-08-21 15:40:13,0.5216287831166183,0.1318771839141845,0.4730923694779116,0.6849367496575618,0.9206349206349206,0.449238578680203,0.081805359661495,0.1502590673575129,0.756922622404856,0.1832965387661787,results/slurm/phase1_1184439_234.err,complex,image,average,batchnorm,widely_linear,dual / modulus_gate,magnitude_silu
phase1_1184439_235,phase1,,1184439,235,cx_img_avg_cbn_wl_dual_gate_crelu,True,2026-08-21 16:20:16,0.5432783780866358,0.4074528217315674,0.6610441767068274,0.6712190798485215,0.6825396825396826,0.6598984771573604,0.096629213483146,0.1692913385826771,0.7328445196465501,0.1027313053807524,results/slurm/phase1_1184439_235.err,complex,image,average,batchnorm,widely_linear,dual / modulus_gate,crelu
phase1_1184439_236,phase1,,1184439,236,cx_img_avg_cbn_wl_dual_gate_card,True,2026-08-21 10:31:31,0.5781898865708146,0.3471806049346924,0.6200803212851406,0.6947264523406655,0.7777777777777778,0.6116751269035533,0.0964566929133858,0.1716287215411558,0.7892998146805253,0.2142406784274365,results/slurm/phase1_1184439_236.err,complex,image,average,batchnorm,widely_linear,dual / modulus_gate,cardioid
phase1_1184439_237,phase1,,1184439,237,cx_img_avg_cbn_wl_dual_holo_modrelu,True,2026-08-22 01:34:29,0.2937397579593307,0.0247588921338319,0.6514056224899598,0.7112239142695995,0.7777777777777778,0.6446700507614214,0.1044776119402985,0.1842105263157894,0.7547605618671609,0.1616711610164555,results/slurm/phase1_1184439_237.err,complex,image,average,batchnorm,widely_linear,dual / holographic,modrelu
phase1_1184439_238,phase1,,1184439,238,cx_img_avg_cbn_wl_dual_holo_magsilu,True,2026-08-21 16:02:24,0.3378538719262464,0.2700569331645965,0.7204819277108434,0.7100354524212392,0.6984126984126984,0.7216582064297801,0.1179624664879356,0.2018348623853211,0.782249617274998,0.1442374165626087,results/slurm/phase1_1184439_238.err,complex,image,average,batchnorm,widely_linear,dual / holographic,magnitude_silu
phase1_1184439_239,phase1,,1184439,239,cx_img_avg_cbn_wl_dual_holo_crelu,True,2026-08-21 15:08:19,0.3751437195333611,0.0407379418611526,0.5204819277108433,0.6873539601965998,0.873015873015873,0.5016920473773265,0.0854037267080745,0.1555869872701555,0.7639996777052616,0.1656735529098196,results/slurm/phase1_1184439_239.err,complex,image,average,batchnorm,widely_linear,dual / holographic,crelu
phase1_1184439_240,phase1,,1184439,240,cx_img_avg_cbn_wl_dual_holo_card,True,2026-08-22 08:35:21,0.2697514340595667,0.0200641881674528,0.6152610441767068,0.5569454516155024,0.492063492063492,0.6218274111675127,0.0648535564853556,0.1146025878003696,0.6173018558805361,0.1052690621916125,results/slurm/phase1_1184439_240.err,complex,image,average,batchnorm,widely_linear,dual / holographic,cardioid
phase1_1184439_241,phase1,,1184439,241,cx_ksp_max_rms_std_single_none_modrelu,True,2026-08-21 13:49:43,0.3326679576113521,0.0781949833035469,0.6674698795180722,0.6370356941422931,0.6031746031746031,0.6708967851099831,0.0889929742388758,0.1551020408163265,0.6998093089463647,0.105212911943791,results/slurm/phase1_1184439_241.err,complex,fourier,max,rms,standard,complex_only / none,modrelu
phase1_1184439_242,phase1,,1184439,242,cx_ksp_max_rms_std_single_none_magsilu,True,2026-08-21 10:42:07,0.369683054532392,0.0923100411891937,0.4963855421686747,0.6671501087744742,0.8571428571428571,0.4771573604060913,0.0803571428571428,0.1469387755102041,0.709800445841055,0.1120589058692445,results/slurm/phase1_1184439_242.err,complex,fourier,max,rms,standard,complex_only / none,magnitude_silu
phase1_1184439_243,phase1,,1184439,243,cx_ksp_max_rms_std_single_none_crelu,True,2026-08-21 18:10:25,0.4504901740445669,0.0471825189888477,0.7413654618473896,0.6008178228990412,0.4444444444444444,0.7571912013536379,0.0888888888888888,0.1481481481481481,0.6223779980125158,0.1001070331886208,results/slurm/phase1_1184439_243.err,complex,fourier,max,rms,standard,complex_only / none,crelu
phase1_1184439_244,phase1,,1184439,244,cx_ksp_max_rms_std_single_none_card,True,2026-08-22 15:19:26,0.551429979580952,0.0035588054452091,0.4819277108433735,0.6069414229312706,0.746031746031746,0.4678510998307952,0.0695266272189349,0.1271989174560216,0.6256546611876561,0.0988337911172546,results/slurm/phase1_1184439_244.err,complex,fourier,max,rms,standard,complex_only / none,cardioid
phase1_1184439_245,phase1,,1184439,245,cx_ksp_max_rms_std_single_holo_modrelu,True,2026-08-22 04:35:23,0.4764098904219018,0.1229710802435875,0.5823293172690763,0.6147369269196681,0.6507936507936508,0.5786802030456852,0.0760667903525046,0.1362126245847176,0.679504740418446,0.1054088046589521,results/slurm/phase1_1184439_245.err,complex,fourier,max,rms,standard,complex_only / holographic,modrelu
phase1_1184439_246,phase1,,1184439,246,cx_ksp_max_rms_std_single_holo_magsilu,True,2026-08-21 23:01:53,0.7458156878929062,0.6103668212890625,0.7140562248995984,0.5789219240995891,0.4285714285714285,0.7292724196277496,0.0778097982708933,0.1317073170731707,0.606934708457551,0.0960919787161878,results/slurm/phase1_1184439_246.err,complex,fourier,max,rms,standard,complex_only / holographic,magnitude_silu
phase1_1184439_247,phase1,,1184439,247,cx_ksp_max_rms_std_single_holo_crelu,True,2026-08-21 13:43:09,0.2453059375046726,0.0446330048143863,0.4714859437751004,0.6390097494158408,0.8253968253968254,0.4526226734348562,0.0743919885550786,0.1364829396325459,0.6734617140708511,0.096796329270204,results/slurm/phase1_1184439_247.err,complex,fourier,max,rms,standard,complex_only / holographic,crelu
phase1_1184439_248,phase1,,1184439,248,cx_ksp_max_rms_std_single_holo_card,True,2026-08-21 23:19:18,0.4322408734674913,0.144049733877182,0.6714859437751004,0.556502296350012,0.4285714285714285,0.6844331641285956,0.0675,0.1166306695464362,0.6188864716783499,0.1190516546635222,results/slurm/phase1_1184439_248.err,complex,fourier,max,rms,standard,complex_only / holographic,cardioid
phase1_1184439_249,phase1,,1184439,249,cx_ksp_max_rms_std_dual_none_modrelu,True,2026-08-21 17:20:55,0.2927572954550804,0.1171143800020217,0.7092369477911646,0.5914108452179518,0.4603174603174603,0.7225042301184433,0.0812324929971988,0.1380952380952381,0.7010582010582009,0.1255956784028311,results/slurm/phase1_1184439_249.err,complex,fourier,max,rms,standard,dual / none,modrelu
phase1_1184439_250,phase1,,1184439,250,cx_ksp_max_rms_std_dual_none_magsilu,True,2026-08-21 14:41:38,0.2560506167660755,0.0175948329269886,0.5911646586345382,0.6494440415760212,0.7142857142857143,0.5846023688663282,0.083955223880597,0.1502504173622704,0.6918325141675395,0.1022447689598429,results/slurm/phase1_1184439_250.err,complex,fourier,max,rms,standard,dual / none,magnitude_silu
phase1_1184439_251,phase1,,1184439,251,cx_ksp_max_rms_std_dual_none_crelu,True,2026-08-21 20:32:05,0.4323528701072955,0.1236628666520118,0.5566265060240964,0.5861735557167029,0.6190476190476191,0.5532994923857868,0.0687830687830687,0.1238095238095238,0.6262455348749765,0.0873212065871978,results/slurm/phase1_1184439_251.err,complex,fourier,max,rms,standard,dual / none,crelu
phase1_1184439_252,phase1,,1184439,252,cx_ksp_max_rms_std_dual_none_card,True,2026-08-21 22:52:22,0.5560325198870406,0.0584806054830551,0.5807228915662651,0.5838369188622996,0.5873015873015873,0.5803722504230119,0.0694183864915572,0.1241610738255033,0.5597722450514329,0.0679591595393794,results/slurm/phase1_1184439_252.err,complex,fourier,max,rms,standard,dual / none,cardioid
phase1_1184439_253,phase1,,1184439,253,cx_ksp_max_rms_std_dual_gate_modrelu,True,2026-08-21 23:30:00,0.3174180571304028,0.000761111092288,0.5236947791164659,0.6589920232052211,0.8095238095238095,0.5084602368866328,0.0806962025316455,0.1467625899280575,0.7454140144495475,0.1526260280084626,results/slurm/phase1_1184439_253.err,complex,fourier,max,rms,standard,dual / modulus_gate,modrelu
phase1_1184439_254,phase1,,1184439,254,cx_ksp_max_rms_std_dual_gate_magsilu,True,2026-08-22 01:39:39,0.3362512743975743,0.0236955881118774,0.6867469879518072,0.6246474901297236,0.5555555555555556,0.6937394247038917,0.08816120906801,0.1521739130434782,0.669540461418634,0.0905873923135304,results/slurm/phase1_1184439_254.err,complex,fourier,max,rms,standard,dual / modulus_gate,magnitude_silu
phase1_1184439_255,phase1,,1184439,255,cx_ksp_max_rms_std_dual_gate_crelu,True,2026-08-21 17:15:29,0.3465864573167749,0.0318627245724201,0.593574297188755,0.6206590927403111,0.6507936507936508,0.5905245346869712,0.078095238095238,0.1394557823129251,0.6480944323583918,0.0914965457402558,results/slurm/phase1_1184439_255.err,complex,fourier,max,rms,standard,dual / modulus_gate,crelu
phase1_1184439_256,phase1,,1184439,256,cx_ksp_max_rms_std_dual_gate_card,True,2026-08-21 17:38:02,0.5789243381664935,0.3197290301322937,0.4939759036144578,0.6208000966884215,0.7619047619047619,0.4796954314720812,0.0723981900452488,0.1322314049586777,0.6533317218596407,0.0954431432474463,results/slurm/phase1_1184439_256.err,complex,fourier,max,rms,standard,dual / modulus_gate,cardioid
phase1_1184439_257,phase1,,1184439,257,cx_ksp_max_rms_std_dual_holo_modrelu,True,2026-08-21 23:09:24,0.3117861768926482,0.1121852993965148,0.4048192771084337,0.6114132624284909,0.8412698412698413,0.3815566835871404,0.0676020408163265,0.1251475796930342,0.7026965326457711,0.0997963753943764,results/slurm/phase1_1184439_257.err,complex,fourier,max,rms,standard,dual / holographic,modrelu
phase1_1184439_258,phase1,,1184439,258,cx_ksp_max_rms_std_dual_holo_magsilu,True,2026-08-22 01:55:37,0.3812378284442855,0.0126421572640538,0.6883534136546184,0.4902505841592136,0.2698412698412698,0.7106598984771574,0.0473537604456824,0.0805687203791469,0.5539440818628636,0.086817188602303,results/slurm/phase1_1184439_258.err,complex,fourier,max,rms,standard,dual / holographic,magnitude_silu
phase1_1184439_259,phase1,,1184439,259,cx_ksp_max_rms_std_dual_holo_crelu,True,2026-08-21 16:25:20,0.3538304030184585,0.088816337287426,0.551004016064257,0.6508339376359681,0.7619047619047619,0.5397631133671743,0.081081081081081,0.1465648854961832,0.6599521929471168,0.0826642374436975,results/slurm/phase1_1184439_259.err,complex,fourier,max,rms,standard,dual / holographic,crelu
phase1_1184439_260,phase1,,1184439,260,cx_ksp_max_rms_std_dual_holo_card,True,2026-08-22 01:07:40,0.5064142419156211,0.0396369136869907,0.5373493975903615,0.5459672870840384,0.5555555555555556,0.5363790186125211,0.0600343053173241,0.1083591331269349,0.6026911610667955,0.0789041273274394,results/slurm/phase1_1184439_260.err,complex,fourier,max,rms,standard,dual / holographic,cardioid
phase1_1184439_261,phase1,,1184439,261,cx_ksp_max_rms_wl_single_none_modrelu,True,2026-08-21 22:56:15,0.4536494564848491,0.1779003590345382,0.6321285140562249,0.6409636612682298,0.6507936507936508,0.6311336717428088,0.0859538784067086,0.1518518518518518,0.6878306878306879,0.1041400278460221,results/slurm/phase1_1184439_261.err,complex,fourier,max,rms,widely_linear,complex_only / none,modrelu
phase1_1184439_262,phase1,,1184439,262,cx_ksp_max_rms_wl_single_none_magsilu,True,2026-08-22 06:44:49,0.2956143722596417,0.0236716326326131,0.5775100401606426,0.7023608089597937,0.8412698412698413,0.5634517766497462,0.0931458699472759,0.1677215189873417,0.7321327854322778,0.1137001962782368,results/slurm/phase1_1184439_262.err,complex,fourier,max,rms,widely_linear,complex_only / none,magnitude_silu
phase1_1184439_263,phase1,,1184439,263,cx_ksp_max_rms_wl_single_none_crelu,True,2026-08-22 18:07:02,0.3700479463397349,0.0040818080306053,0.5783132530120482,0.6126218676980099,0.6507936507936508,0.5744500846023689,0.0753676470588235,0.1350906095551894,0.6504444981602341,0.0848069657042163,results/slurm/phase1_1184439_263.err,complex,fourier,max,rms,widely_linear,complex_only / none,crelu
phase1_1184439_264,phase1,,1184439,264,cx_ksp_max_rms_wl_single_none_card,True,2026-08-21 19:59:20,0.3661938043962042,0.0089429067447781,0.4875502008032129,0.5873620175650632,0.6984126984126984,0.4763113367174281,0.0663650075414781,0.1212121212121212,0.6374184191443074,0.1004509924218967,results/slurm/phase1_1184439_264.err,complex,fourier,max,rms,widely_linear,complex_only / none,cardioid
phase1_1184439_265,phase1,,1184439,265,cx_ksp_max_rms_wl_single_holo_modrelu,True,2026-08-21 18:54:27,0.639193501003296,0.4691217839717865,0.4586345381526104,0.5495931028925953,0.6507936507936508,0.4483925549915397,0.0591630591630591,0.1084656084656084,0.5597319582091156,0.0648161906285046,results/slurm/phase1_1184439_265.err,complex,fourier,max,rms,widely_linear,complex_only / holographic,modrelu
phase1_1184439_266,phase1,,1184439,266,cx_ksp_max_rms_wl_single_holo_magsilu,True,2026-08-22 03:03:51,0.5883018750742257,0.4925655424594879,0.6040160642570281,0.5510232857948594,0.492063492063492,0.6099830795262268,0.0630081300813008,0.1117117117117117,0.5586576424139876,0.0715409871505142,results/slurm/phase1_1184439_266.err,complex,fourier,max,rms,widely_linear,complex_only / holographic,magnitude_silu
phase1_1184439_267,phase1,,1184439,267,cx_ksp_max_rms_wl_single_holo_crelu,True,2026-08-21 21:13:14,0.49663531291916,0.1574611216783523,0.7196787148594378,0.5818830070099106,0.4285714285714285,0.7351945854483926,0.0794117647058823,0.1339950372208436,0.6353235033438079,0.0745585448168445,results/slurm/phase1_1184439_267.err,complex,fourier,max,rms,widely_linear,complex_only / holographic,crelu
phase1_1184439_268,phase1,,1184439,268,cx_ksp_max_rms_wl_single_holo_card,True,2026-08-21 21:05:22,0.3206421786044017,0.0639700293540954,0.7285140562248996,0.5564821529288534,0.365079365079365,0.7478849407783418,0.0716510903426791,0.1197916666666666,0.6115005505868449,0.1349836606700291,results/slurm/phase1_1184439_268.err,complex,fourier,max,rms,widely_linear,complex_only / holographic,cardioid
phase1_1184439_269,phase1,,1184439,269,cx_ksp_max_rms_wl_dual_none_modrelu,True,2026-08-21 22:10:26,0.4110527087047875,0.1856472939252853,0.6056224899598394,0.5368423172991701,0.4603174603174603,0.6133671742808798,0.0596707818930041,0.1056466302367941,0.5990384873633605,0.083235886900367,results/slurm/phase1_1184439_269.err,complex,fourier,max,rms,widely_linear,dual / none,modrelu
phase1_1184439_270,phase1,,1184439,270,cx_ksp_max_rms_wl_dual_none_magsilu,True,2026-08-22 02:19:07,0.868262602286937,0.0874667987227439,0.478714859437751,0.5827088872774152,0.6984126984126984,0.467005076142132,0.0652818991097922,0.1194029850746268,0.6218139822200736,0.0791940390507763,results/slurm/phase1_1184439_270.err,complex,fourier,max,rms,widely_linear,dual / none,magnitude_silu
phase1_1184439_271,phase1,,1184439,271,cx_ksp_max_rms_wl_dual_none_crelu,True,2026-08-21 19:59:20,0.2508593054656612,0.0319071486592292,0.6096385542168675,0.5614978647973572,0.5079365079365079,0.6150592216582065,0.0657084188911704,0.1163636363636363,0.6136357532296618,0.0792334999952272,results/slurm/phase1_1184439_271.err,complex,fourier,max,rms,widely_linear,dual / none,crelu
phase1_1184439_272,phase1,,1184439,272,cx_ksp_max_rms_wl_dual_none_card,True,2026-08-22 04:10:30,0.580934647862691,0.1643808633089065,0.7349397590361446,0.5673797437756829,0.3809523809523809,0.7538071065989848,0.0761904761904762,0.1269841269841269,0.6653506298176348,0.0862211680843667,results/slurm/phase1_1184439_272.err,complex,fourier,max,rms,widely_linear,dual / none,cardioid
phase1_1184439_273,phase1,,1184439,273,cx_ksp_max_rms_wl_dual_gate_modrelu,True,2026-08-22 01:57:45,0.531541629482704,0.1327047944068908,0.619277108433735,0.6116549834823946,0.6031746031746031,0.6201353637901861,0.0780287474332648,0.1381818181818181,0.6640480219160422,0.0866081793764032,results/slurm/phase1_1184439_273.err,complex,fourier,max,rms,widely_linear,dual / modulus_gate,modrelu
phase1_1184439_274,phase1,,1184439,274,cx_ksp_max_rms_wl_dual_gate_magsilu,True,2026-08-22 00:56:23,0.7936911765830105,0.0270700491964817,0.4666666666666667,0.6740391588107324,0.9047619047619048,0.4433164128595601,0.0797202797202797,0.1465295629820051,0.6951628931324363,0.0915446890910893,results/slurm/phase1_1184439_274.err,complex,fourier,max,rms,widely_linear,dual / modulus_gate,magnitude_silu
phase1_1184439_275,phase1,,1184439,275,cx_ksp_max_rms_wl_dual_gate_crelu,True,2026-08-22 03:25:22,0.2740414485156285,0.0196059066802263,0.7919678714859437,0.5823865925388768,0.3492063492063492,0.8155668358714044,0.0916666666666666,0.1452145214521452,0.6740391588107324,0.0870487780720327,results/slurm/phase1_1184439_275.err,complex,fourier,max,rms,widely_linear,dual / modulus_gate,crelu
phase1_1184439_276,phase1,,1184439,276,cx_ksp_max_rms_wl_dual_gate_card,True,2026-08-22 08:15:39,0.4334670186517798,0.0532464683055877,0.6016064257028112,0.5948352268149222,0.5873015873015873,0.6023688663282571,0.0729783037475345,0.1298245614035087,0.6631617113850616,0.0973352258179324,results/slurm/phase1_1184439_276.err,complex,fourier,max,rms,widely_linear,dual / modulus_gate,cardioid
phase1_1184439_277,phase1,,1184439,277,cx_ksp_max_rms_wl_dual_holo_modrelu,True,2026-08-22 04:16:05,0.5898807771235095,0.0084207979962229,0.4602409638554217,0.5278986383047297,0.6031746031746031,0.4526226734348562,0.0554744525547445,0.1016042780748663,0.534190100179948,0.0712672697735201,results/slurm/phase1_1184439_277.err,complex,fourier,max,rms,widely_linear,dual / holographic,modrelu
phase1_1184439_278,phase1,,1184439,278,cx_ksp_max_rms_wl_dual_holo_magsilu,True,2026-08-22 02:36:24,0.5581551456070284,0.0385529696941375,0.5204819277108433,0.5521110305374265,0.5873015873015873,0.5169204737732657,0.0608552631578947,0.1102831594634873,0.6377944296726024,0.1088685759983043,results/slurm/phase1_1184439_278.err,complex,fourier,max,rms,widely_linear,dual / holographic,magnitude_silu
phase1_1184439_279,phase1,,1184439,279,cx_ksp_max_rms_wl_dual_holo_crelu,True,2026-08-22 07:01:39,0.6005823577264223,0.063947319984436,0.5670682730923695,0.6517806784304246,0.746031746031746,0.5575296108291032,0.0824561403508772,0.1484992101105845,0.6899793194209437,0.0877237634422762,results/slurm/phase1_1184439_279.err,complex,fourier,max,rms,widely_linear,dual / holographic,crelu
phase1_1184439_280,phase1,,1184439,280,cx_ksp_max_rms_wl_dual_holo_card,True,2026-08-22 03:09:30,0.3397644234467746,0.0017240272136405,0.5092369477911647,0.5612158569011361,0.6190476190476191,0.5033840947546532,0.0623003194888178,0.1132075471698113,0.5946472215507748,0.0814760370732626,results/slurm/phase1_1184439_280.err,complex,fourier,max,rms,widely_linear,dual / holographic,cardioid
phase1_1184439_281,phase1,,1184439,281,cx_ksp_max_cbn_std_single_none_modrelu,True,2026-08-22 08:56:19,0.457759096051555,0.2232858389616012,0.7244979919678715,0.6144750624446056,0.492063492063492,0.7368866328257191,0.0906432748538011,0.1530864197530864,0.6670158193000832,0.0863443806641409,results/slurm/phase1_1184439_281.err,complex,fourier,max,batchnorm,standard,complex_only / none,modrelu
phase1_1184439_282,phase1,,1184439,282,cx_ksp_max_cbn_std_single_none_magsilu,True,2026-08-22 03:18:57,0.3859186574397795,0.0559495650231838,0.4971887550200803,0.645032632342277,0.8095238095238095,0.4805414551607445,0.0766917293233082,0.1401098901098901,0.7095050089973948,0.0962974724700661,results/slurm/phase1_1184439_282.err,complex,fourier,max,batchnorm,standard,complex_only / none,magnitude_silu
phase1_1184439_283,phase1,,1184439,283,cx_ksp_max_cbn_std_single_none_crelu,True,2026-08-22 02:26:30,0.318944724975335,0.0338828191161155,0.7477911646586345,0.6192289098380469,0.4761904761904761,0.7622673434856176,0.0964630225080385,0.160427807486631,0.65080707974109,0.1080295732738507,results/slurm/phase1_1184439_283.err,complex,fourier,max,batchnorm,standard,complex_only / none,crelu
phase1_1184439_284,phase1,,1184439,284,cx_ksp_max_cbn_std_single_none_card,True,2026-08-22 04:32:05,0.3615554787068961,0.0179350581020116,0.5558232931726907,0.6158045282410765,0.6825396825396826,0.5490693739424704,0.0746527777777777,0.1345852895148669,0.6651760535009267,0.1187759833148765,results/slurm/phase1_1184439_284.err,complex,fourier,max,batchnorm,standard,complex_only / none,cardioid
phase1_1184439_285,phase1,,1184439,285,cx_ksp_max_cbn_std_single_holo_modrelu,True,2026-08-23 02:17:49,0.71705801046517,0.4657396376132965,0.62570281124498,0.6000120860526952,0.5714285714285714,0.628595600676819,0.0757894736842105,0.1338289962825278,0.6586630139929632,0.0737773203607906,results/slurm/phase1_1184439_285.err,complex,fourier,max,batchnorm,standard,complex_only / holographic,modrelu
phase1_1184439_286,phase1,,1184439,286,cx_ksp_max_cbn_std_single_holo_magsilu,True,2026-08-22 13:37:22,0.4604390492161593,0.3599694967269897,0.6433734939759036,0.6919668036419305,0.746031746031746,0.637901861252115,0.0989473684210526,0.174721189591078,0.7145677221819353,0.1134864343429105,results/slurm/phase1_1184439_286.err,complex,fourier,max,batchnorm,standard,complex_only / holographic,magnitude_silu
phase1_1184439_287,phase1,,1184439,287,cx_ksp_max_cbn_std_single_holo_crelu,True,2026-08-22 02:37:57,0.4281545539936329,0.1143532395362854,0.6666666666666666,0.5915317057449037,0.5079365079365079,0.6751269035532995,0.0769230769230769,0.1336116910229645,0.6385464507291918,0.0926307360511781,results/slurm/phase1_1184439_287.err,complex,fourier,max,batchnorm,standard,complex_only / holographic,crelu
phase1_1184439_288,phase1,,1184439,288,cx_ksp_max_cbn_std_single_holo_card,True,2026-08-22 04:59:12,0.3387421094270116,0.041824959218502,0.7967871485943775,0.5849246636048666,0.3492063492063492,0.8206429780033841,0.094017094017094,0.1481481481481481,0.6637660140198212,0.0867778889579188,results/slurm/phase1_1184439_288.err,complex,fourier,max,batchnorm,standard,complex_only / holographic,cardioid
phase1_1184439_289,phase1,,1184439,289,cx_ksp_max_cbn_std_dual_none_modrelu,True,2026-08-22 04:56:13,0.2583798287384002,0.0109532726928591,0.3188755020080321,0.5886914833615341,0.8888888888888888,0.2884940778341793,0.0624303232998885,0.1166666666666666,0.6576692718824698,0.0938046965128148,results/slurm/phase1_1184439_289.err,complex,fourier,max,batchnorm,standard,dual / none,modrelu
phase1_1184439_290,phase1,,1184439,290,cx_ksp_max_cbn_std_dual_none_magsilu,True,2026-08-22 16:44:29,0.2894215781047162,0.0122389988973736,0.4883534136546185,0.6028120215937475,0.7301587301587301,0.4754653130287648,0.069069069069069,0.1262002743484225,0.7024413826444283,0.1254995475686963,results/slurm/phase1_1184439_290.err,complex,fourier,max,batchnorm,standard,dual / none,magnitude_silu
phase1_1184439_291,phase1,,1184439,291,cx_ksp_max_cbn_std_dual_none_crelu,True,2026-08-22 08:55:16,0.4667257986873029,0.0076202903874218,0.4899598393574297,0.5510635726371766,0.6190476190476191,0.4830795262267343,0.06,0.1093969144460028,0.5795127977869096,0.083285308007738,results/slurm/phase1_1184439_291.err,complex,fourier,max,batchnorm,standard,dual / none,crelu
phase1_1184439_292,phase1,,1184439,292,cx_ksp_max_cbn_std_dual_none_card,True,2026-08-22 16:06:25,2.6040614603154637,0.7444251775741577,0.3975903614457831,0.577552171460801,0.7777777777777778,0.377326565143824,0.062420382165605,0.115566037735849,0.6146563532350334,0.0727050205478787,results/slurm/phase1_1184439_292.err,complex,fourier,max,batchnorm,standard,dual / none,cardioid
phase1_1184439_293,phase1,,1184439,293,cx_ksp_max_cbn_std_dual_gate_modrelu,True,2026-08-23 23:07:38,0.2731727997940706,0.0043820412829518,0.685140562248996,0.6688824429941181,0.6507936507936508,0.6869712351945855,0.0997566909975669,0.1729957805907173,0.7264657696129777,0.122334335050022,results/slurm/phase1_1184439_293.err,complex,fourier,max,batchnorm,standard,dual / modulus_gate,modrelu
phase1_1184439_294,phase1,,1184439,294,cx_ksp_max_cbn_std_dual_gate_magsilu,True,2026-08-23 02:36:05,0.444912683820337,0.0031447818037122,0.6738955823293172,0.5803118201595359,0.4761904761904761,0.6844331641285956,0.0744416873449131,0.1287553648068669,0.6034834689657025,0.0779393553581355,results/slurm/phase1_1184439_294.err,complex,fourier,max,batchnorm,standard,dual / modulus_gate,magnitude_silu
phase1_1184439_295,phase1,,1184439,295,cx_ksp_max_cbn_std_dual_gate_crelu,True,2026-08-22 07:34:54,0.4096860766410827,0.0115644866600632,0.459437751004016,0.5875835951978083,0.7301587301587301,0.4450084602368866,0.0655270655270655,0.1202614379084967,0.6499207692101092,0.118172041096397,results/slurm/phase1_1184439_295.err,complex,fourier,max,batchnorm,standard,dual / modulus_gate,crelu
phase1_1184439_296,phase1,,1184439,296,cx_ksp_max_cbn_std_dual_gate_card,True,2026-08-22 15:06:27,0.2942437519506368,0.0402201861143112,0.7293172690763052,0.5343646764966562,0.3174603174603174,0.751269035532995,0.0636942675159235,0.1061007957559681,0.6713399403754734,0.1009956166697545,results/slurm/phase1_1184439_296.err,complex,fourier,max,batchnorm,standard,dual / modulus_gate,cardioid
phase1_1184439_297,phase1,,1184439,297,cx_ksp_max_cbn_std_dual_holo_modrelu,True,2026-08-22 07:21:57,0.8672264557286917,0.3786296248435974,0.5534136546184739,0.599508500523729,0.6507936507936508,0.5482233502538071,0.0713043478260869,0.128526645768025,0.6181613085166384,0.0684270014328671,results/slurm/phase1_1184439_297.err,complex,fourier,max,batchnorm,standard,dual / holographic,modrelu
phase1_1184439_298,phase1,,1184439,298,cx_ksp_max_cbn_std_dual_holo_magsilu,True,2026-08-22 15:05:19,0.2176831996554591,0.0325602777302265,0.5060240963855421,0.61963177826122,0.746031746031746,0.4932318104906937,0.0727554179566563,0.1325811001410437,0.6614696640077351,0.0828997573080425,results/slurm/phase1_1184439_298.err,complex,fourier,max,batchnorm,standard,dual / holographic,magnitude_silu
phase1_1184439_299,phase1,,1184439,299,cx_ksp_max_cbn_std_dual_holo_crelu,True,2026-08-22 08:54:02,0.3704118559157558,0.0103669334203004,0.5172690763052209,0.5278784948835711,0.5396825396825397,0.5160744500846024,0.0561056105610561,0.1016442451420029,0.5478607686729514,0.0573134718197857,results/slurm/phase1_1184439_299.err,complex,fourier,max,batchnorm,standard,dual / holographic,crelu
phase1_1184439_300,phase1,,1184439,300,cx_ksp_max_cbn_std_dual_holo_card,True,2026-08-22 12:50:18,1.2052859264923388,0.5828547477722168,0.5485943775100401,0.5669164450890339,0.5873015873015873,0.5465313028764806,0.0645724258289703,0.1163522012578616,0.5763301372438427,0.0588157694664412,results/slurm/phase1_1184439_300.err,complex,fourier,max,batchnorm,standard,dual / holographic,cardioid
phase1_1184439_301,phase1,,1184439,301,cx_ksp_max_cbn_wl_single_none_modrelu,True,2026-08-22 22:48:42,0.2760406637288458,0.0622499585151672,0.7180722891566265,0.6561719442430103,0.5873015873015873,0.7250423011844331,0.1022099447513812,0.1741176470588235,0.7268686380361506,0.0974814741149694,results/slurm/phase1_1184439_301.err,complex,fourier,max,batchnorm,widely_linear,complex_only / none,modrelu
phase1_1184439_302,phase1,,1184439,302,cx_ksp_max_cbn_wl_single_none_magsilu,True,2026-08-23 10:55:23,0.4029160075398334,0.2862615585327148,0.793574297188755,0.5982596084118927,0.3809523809523809,0.8155668358714044,0.0991735537190082,0.1573770491803278,0.6620336798001771,0.0999459799490688,results/slurm/phase1_1184439_302.err,complex,fourier,max,batchnorm,widely_linear,complex_only / none,magnitude_silu
phase1_1184439_303,phase1,,1184439,303,cx_ksp_max_cbn_wl_single_none_crelu,True,2026-08-22 13:55:07,0.4463914623701184,0.206652894616127,0.6546184738955824,0.6452944968173394,0.6349206349206349,0.6556683587140439,0.0894854586129754,0.1568627450980392,0.6731125614374345,0.0848862257283162,results/slurm/phase1_1184439_303.err,complex,fourier,max,batchnorm,widely_linear,complex_only / none,crelu
phase1_1184439_304,phase1,,1184439,304,cx_ksp_max_cbn_wl_single_none_card,True,2026-08-23 03:25:29,0.3387696482099024,0.0004108937864657,0.3325301204819277,0.5883691886229957,0.873015873015873,0.3037225042301184,0.0626423690205011,0.1168969181721572,0.6701179061585153,0.1272344491374317,results/slurm/phase1_1184439_304.err,complex,fourier,max,batchnorm,widely_linear,complex_only / none,cardioid
phase1_1184439_305,phase1,,1184439,305,cx_ksp_max_cbn_wl_single_holo_modrelu,True,2026-08-22 21:24:15,0.9493312397635126,0.7092732191085815,0.642570281124498,0.5187333816775441,0.3809523809523809,0.6565143824027073,0.055813953488372,0.0973630831643002,0.5036929605457524,0.0625537428047502,results/slurm/phase1_1184439_305.err,complex,fourier,max,batchnorm,widely_linear,complex_only / holographic,modrelu
phase1_1184439_306,phase1,,1184439,306,cx_ksp_max_cbn_wl_single_holo_magsilu,True,2026-08-22 09:33:49,0.6998442647447548,0.6670290231704712,0.7951807228915663,0.5690516477318508,0.3174603174603174,0.8206429780033841,0.0862068965517241,0.135593220338983,0.6664786614025192,0.0850384182326248,results/slurm/phase1_1184439_306.err,complex,fourier,max,batchnorm,widely_linear,complex_only / holographic,magnitude_silu
phase1_1184439_307,phase1,,1184439,307,cx_ksp_max_cbn_wl_single_holo_crelu,True,2026-08-22 11:54:34,0.3915567208964416,0.1571886539459228,0.6963855421686747,0.6146966400773508,0.5238095238095238,0.7055837563451777,0.0866141732283464,0.1486486486486486,0.6465366744554562,0.1412246457987239,results/slurm/phase1_1184439_307.err,complex,fourier,max,batchnorm,widely_linear,complex_only / holographic,crelu
phase1_1184439_308,phase1,,1184439,308,cx_ksp_max_cbn_wl_single_holo_card,True,2026-08-22 11:24:19,0.3316571581315919,0.0015565730864182,0.4489959839357429,0.6121384255902023,0.7936507936507936,0.4306260575296108,0.0691562932226832,0.1272264631043257,0.67452260091854,0.1001220644258423,results/slurm/phase1_1184439_308.err,complex,fourier,max,batchnorm,widely_linear,complex_only / holographic,cardioid
phase1_1184439_309,phase1,,1184439,309,cx_ksp_max_cbn_wl_dual_none_modrelu,True,2026-08-23 03:37:28,0.3581780026468587,0.0111468462273478,0.6497991967871486,0.6127024413826444,0.5714285714285714,0.6539763113367174,0.0808988764044943,0.1417322834645669,0.638304729675288,0.0819820323507179,results/slurm/phase1_1184439_309.err,complex,fourier,max,batchnorm,widely_linear,dual / none,modrelu
phase1_1184439_310,phase1,,1184439,310,cx_ksp_max_cbn_wl_dual_none_magsilu,True,2026-08-22 11:01:46,0.368778352134386,0.0066039240919053,0.5807228915662651,0.5763234227701233,0.5714285714285714,0.5812182741116751,0.0677966101694915,0.1212121212121212,0.5849918083420622,0.059608843688564,results/slurm/phase1_1184439_310.err,complex,fourier,max,batchnorm,widely_linear,dual / none,magnitude_silu
phase1_1184439_311,phase1,,1184439,311,cx_ksp_max_cbn_wl_dual_none_crelu,True,2026-08-22 14:13:27,0.9156070015041614,0.0842765420675277,0.4963855421686747,0.5469341712996535,0.6031746031746031,0.4906937394247039,0.059375,0.1081081081081081,0.5657615556092714,0.0661288767799696,results/slurm/phase1_1184439_311.err,complex,fourier,max,batchnorm,widely_linear,dual / none,crelu
phase1_1184439_312,phase1,,1184439,312,cx_ksp_max_cbn_wl_dual_none_card,True,2026-08-22 15:59:56,1.3621015274381063,0.316648781299591,0.5911646586345382,0.6269035532994924,0.6666666666666666,0.5871404399323181,0.0792452830188679,0.1416526138279932,0.6758453522412914,0.0812761380978069,results/slurm/phase1_1184439_312.err,complex,fourier,max,batchnorm,widely_linear,dual / none,cardioid
phase1_1184439_313,phase1,,1184439,313,cx_ksp_max_cbn_wl_dual_gate_modrelu,True,2026-08-22 17:07:01,0.3880586317863809,0.0101017523556947,0.5951807228915663,0.5764241398759166,0.5555555555555556,0.5972927241962775,0.0684931506849315,0.1219512195121951,0.622539145381785,0.0738489547362162,results/slurm/phase1_1184439_313.err,complex,fourier,max,batchnorm,widely_linear,dual / modulus_gate,modrelu
phase1_1184439_314,phase1,,1184439,314,cx_ksp_max_cbn_wl_dual_gate_magsilu,True,2026-08-22 22:46:11,0.3470611528698944,0.003147222334519,0.4811244979919679,0.553923938441705,0.6349206349206349,0.4729272419627749,0.0603318250377073,0.1101928374655647,0.6018988531678887,0.0850035025216273,results/slurm/phase1_1184439_314.err,complex,fourier,max,batchnorm,widely_linear,dual / modulus_gate,magnitude_silu
phase1_1184439_315,phase1,,1184439,315,cx_ksp_max_cbn_wl_dual_gate_crelu,True,2026-08-22 12:25:10,0.4205520993016389,0.0010801320895552,0.5301204819277109,0.6097816453146403,0.6984126984126984,0.5211505922165821,0.0721311475409836,0.1307578008915304,0.6177852979883437,0.0956875237088069,results/slurm/phase1_1184439_315.err,complex,fourier,max,batchnorm,widely_linear,dual / modulus_gate,crelu
phase1_1184439_316,phase1,,1184439,316,cx_ksp_max_cbn_wl_dual_gate_card,True,2026-08-23 04:03:03,0.4121772733079849,0.0039029223844408,0.6377510040160642,0.5387357988880831,0.4285714285714285,0.6489001692047377,0.0610859728506787,0.1069306930693069,0.6158515295571133,0.0842608443064369,results/slurm/phase1_1184439_316.err,complex,fourier,max,batchnorm,widely_linear,dual / modulus_gate,cardioid
phase1_1184439_317,phase1,,1184439,317,cx_ksp_max_cbn_wl_dual_holo_modrelu,True,2026-08-22 16:47:12,0.372898018216559,0.0086814006790518,0.6441767068273092,0.5496333897349126,0.4444444444444444,0.6548223350253807,0.0642201834862385,0.1122244488977955,0.6188327558885934,0.0725906694327557,results/slurm/phase1_1184439_317.err,complex,fourier,max,batchnorm,widely_linear,dual / holographic,modrelu
phase1_1184439_318,phase1,,1184439,318,cx_ksp_max_cbn_wl_dual_holo_magsilu,True,2026-08-22 10:33:39,0.3996291248180181,0.0194773413240909,0.4497991967871486,0.5674804608814761,0.6984126984126984,0.4365482233502538,0.0619718309859154,0.1138421733505821,0.624029758547525,0.0689057224645456,results/slurm/phase1_1184439_318.err,complex,fourier,max,batchnorm,widely_linear,dual / holographic,magnitude_silu
phase1_1184439_319,phase1,,1184439,319,cx_ksp_max_cbn_wl_dual_holo_crelu,True,2026-08-22 19:19:35,1.745122478381697,0.8229794502258301,0.5325301204819277,0.5885101925711063,0.6507936507936508,0.5262267343485617,0.0682196339434276,0.1234939759036144,0.6380898665162624,0.0801025621924566,results/slurm/phase1_1184439_319.err,complex,fourier,max,batchnorm,widely_linear,dual / holographic,crelu
phase1_1184439_320,phase1,,1184439,320,cx_ksp_max_cbn_wl_dual_holo_card,True,2026-08-22 20:51:01,0.2855939768890599,0.0056423633359372,0.6369477911646586,0.6134477479655145,0.5873015873015873,0.6395939086294417,0.079913606911447,0.1406844106463878,0.6809953535841861,0.0955500819259527,results/slurm/phase1_1184439_320.err,complex,fourier,max,batchnorm,widely_linear,dual / holographic,cardioid
phase1_1184439_321,phase1,,1184439,321,cx_ksp_med_rms_std_single_none_modrelu,True,2026-08-23 04:25:28,0.3648609937793279,0.061922438442707,0.5132530120481927,0.5483039239384417,0.5873015873015873,0.5093062605752962,0.059967585089141,0.1088235294117647,0.5960438320844412,0.0700803268753868,results/slurm/phase1_1184439_321.err,complex,fourier,median,rms,standard,complex_only / none,modrelu
phase1_1184439_322,phase1,,1184439,322,cx_ksp_med_rms_std_single_none_magsilu,True,2026-08-22 14:47:27,0.640770117202437,0.3311919867992401,0.61285140562249,0.5932438965433889,0.5714285714285714,0.6150592216582065,0.0733197556008146,0.1299638989169675,0.6218005532726345,0.0689094713090857,results/slurm/phase1_1184439_322.err,complex,fourier,median,rms,standard,complex_only / none,magnitude_silu
phase1_1184439_323,phase1,,1184439,323,cx_ksp_med_rms_std_single_none_crelu,True,2026-08-22 18:00:20,0.4131845763529161,0.001462242915295,0.4441767068273092,0.5945733623398598,0.7619047619047619,0.4272419627749577,0.0662068965517241,0.1218274111675127,0.6118094163779443,0.0775260016351414,results/slurm/phase1_1184439_323.err,complex,fourier,median,rms,standard,complex_only / none,crelu
phase1_1184439_324,phase1,,1184439,324,cx_ksp_med_rms_std_single_none_card,True,2026-08-22 17:53:55,0.4302970281566949,3.531493712216616e-05,0.3534136546184739,0.4641245669164451,0.5873015873015873,0.3409475465313029,0.0453431372549019,0.0841865756541524,0.5117771869040904,0.1113337321521851,results/slurm/phase1_1184439_324.err,complex,fourier,median,rms,standard,complex_only / none,cardioid
phase1_1184439_325,phase1,,1184439,325,cx_ksp_med_rms_std_single_holo_modrelu,True,2026-08-22 22:39:22,0.4222738975053092,0.2266546934843063,0.5847389558232932,0.6460599468213681,0.7142857142857143,0.577834179357022,0.0827205882352941,0.1482701812191103,0.7354631643971745,0.1286799784633964,results/slurm/phase1_1184439_325.err,complex,fourier,median,rms,standard,complex_only / holographic,modrelu
phase1_1184439_326,phase1,,1184439,326,cx_ksp_med_rms_std_single_holo_magsilu,True,2026-08-23 04:50:34,0.350215039411223,0.3276334702968597,0.7630522088353414,0.5596446700507615,0.3333333333333333,0.7859560067681896,0.0766423357664233,0.1246290801186943,0.6103188032122042,0.0958531641075421,results/slurm/phase1_1184439_326.err,complex,fourier,median,rms,standard,complex_only / holographic,magnitude_silu
phase1_1184439_327,phase1,,1184439,327,cx_ksp_med_rms_std_single_holo_crelu,True,2026-08-22 13:02:57,0.4594227133386106,0.0459178537130355,0.2883534136546185,0.5726170332769317,0.8888888888888888,0.2563451776649746,0.0598930481283422,0.1122244488977955,0.6111245400585502,0.0718576771780798,results/slurm/phase1_1184439_327.err,complex,fourier,median,rms,standard,complex_only / holographic,crelu
phase1_1184439_328,phase1,,1184439,328,cx_ksp_med_rms_std_single_holo_card,True,2026-08-22 17:20:18,0.2213615032563259,0.0433320328593254,0.6433734939759036,0.6168318427201676,0.5873015873015873,0.6463620981387479,0.0813186813186813,0.1428571428571428,0.6547149034458679,0.081639377535123,results/slurm/phase1_1184439_328.err,complex,fourier,median,rms,standard,complex_only / holographic,cardioid
phase1_1184439_329,phase1,,1184439,329,cx_ksp_med_rms_std_dual_none_modrelu,True,2026-08-22 18:16:43,0.4173386244888765,0.0076833488419651,0.4321285140562249,0.5656876963983564,0.7142857142857143,0.4170896785109983,0.0613079019073569,0.1129234629861982,0.5818360056938737,0.0619530904123041,results/slurm/phase1_1184439_329.err,complex,fourier,median,rms,standard,dual / none,modrelu
phase1_1184439_330,phase1,,1184439,330,cx_ksp_med_rms_std_dual_none_magsilu,True,2026-08-22 13:26:59,0.4073133537568241,0.0342208035290241,0.5502008032128514,0.5527354765933445,0.5555555555555556,0.5499153976311336,0.0617283950617283,0.1111111111111111,0.5789756398893454,0.0919201349578494,results/slurm/phase1_1184439_330.err,complex,fourier,median,rms,standard,dual / none,magnitude_silu
phase1_1184439_331,phase1,,1184439,331,cx_ksp_med_rms_std_dual_none_crelu,True,2026-08-22 15:08:01,0.5158944951602255,0.0733343511819839,0.4417670682730923,0.5407098541616309,0.6507936507936508,0.4306260575296108,0.057422969187675,0.1055341055341055,0.548075631831977,0.0628871038419462,results/slurm/phase1_1184439_331.err,complex,fourier,median,rms,standard,dual / none,crelu
phase1_1184439_332,phase1,,1184439,332,cx_ksp_med_rms_std_dual_none_card,True,2026-08-22 17:33:23,0.3878399887715044,0.0065642800182104,0.4489959839357429,0.5144629763919104,0.5873015873015873,0.4416243654822335,0.0530846484935437,0.0973684210526315,0.522090618537319,0.1058238164722527,results/slurm/phase1_1184439_332.err,complex,fourier,median,rms,standard,dual / none,cardioid
phase1_1184439_333,phase1,,1184439,333,cx_ksp_med_rms_std_dual_gate_modrelu,True,2026-08-22 16:20:36,0.4853018225900021,0.0743931829929351,0.6522088353413654,0.6139714769156394,0.5714285714285714,0.6565143824027073,0.0814479638009049,0.1425742574257425,0.6458920849783794,0.0919877013597437,results/slurm/phase1_1184439_333.err,complex,fourier,median,rms,standard,dual / modulus_gate,modrelu
phase1_1184439_334,phase1,,1184439,334,cx_ksp_med_rms_std_dual_gate_magsilu,True,2026-08-22 17:21:18,0.330024357062267,0.0938271135091781,0.459437751004016,0.5199621303682218,0.5873015873015873,0.4526226734348562,0.0540935672514619,0.0990629183400267,0.5807482609513067,0.0929596539994537,results/slurm/phase1_1184439_334.err,complex,fourier,median,rms,standard,dual / modulus_gate,magnitude_silu
phase1_1184439_335,phase1,,1184439,335,cx_ksp_med_rms_std_dual_gate_crelu,True,2026-08-22 20:59:57,1.5549141995159976,0.8715245723724365,0.6730923694779116,0.6024292965917332,0.5238095238095238,0.6810490693739425,0.0804878048780487,0.1395348837209302,0.6483227244648565,0.1153852735312187,results/slurm/phase1_1184439_335.err,complex,fourier,median,rms,standard,dual / modulus_gate,crelu
phase1_1184439_336,phase1,,1184439,336,cx_ksp_med_rms_std_dual_gate_card,True,2026-08-22 17:07:58,0.6052122823205583,0.6375041007995605,0.7759036144578313,0.5964668439287728,0.3968253968253968,0.7961082910321489,0.093984962406015,0.1519756838905775,0.725700319608949,0.0991054566167906,results/slurm/phase1_1184439_336.err,complex,fourier,median,rms,standard,dual / modulus_gate,cardioid
phase1_1184439_337,phase1,,1184439,337,cx_ksp_med_rms_std_dual_holo_modrelu,True,2026-08-23 03:35:53,0.3352095329625359,0.0104120224714279,0.4120481927710843,0.5551124002900653,0.7142857142857143,0.3959390862944162,0.0592885375494071,0.1094890510948905,0.6232105927537399,0.0834312702251031,results/slurm/phase1_1184439_337.err,complex,fourier,median,rms,standard,dual / holographic,modrelu
phase1_1184439_338,phase1,,1184439,338,cx_ksp_med_rms_std_dual_holo_magsilu,True,2026-08-22 19:03:01,0.5879330065834474,0.050439927726984,0.5461847389558233,0.5130529369108049,0.4761904761904761,0.5499153976311336,0.0533807829181494,0.096,0.5338140896516531,0.0567502045225983,results/slurm/phase1_1184439_338.err,complex,fourier,median,rms,standard,dual / holographic,magnitude_silu
phase1_1184439_339,phase1,,1184439,339,cx_ksp_med_rms_std_dual_holo_crelu,True,2026-08-22 22:18:59,0.4023734736155314,0.0006294432678259,0.478714859437751,0.5301144146321811,0.5873015873015873,0.4729272419627749,0.056060606060606,0.1023513139695712,0.5593693766282599,0.0604901461458542,results/slurm/phase1_1184439_339.err,complex,fourier,median,rms,standard,dual / holographic,crelu
phase1_1184439_340,phase1,,1184439,340,cx_ksp_med_rms_std_dual_holo_card,True,2026-08-22 20:11:58,0.2780944699268174,0.0215795170515775,0.4265060240963855,0.5476996213036822,0.6825396825396826,0.4128595600676819,0.0583446404341926,0.1075,0.5816480004297263,0.0651584301967302,results/slurm/phase1_1184439_340.err,complex,fourier,median,rms,standard,dual / holographic,cardioid
phase1_1184439_341,phase1,,1184439,341,cx_ksp_med_rms_wl_single_none_modrelu,True,2026-08-23 03:22:27,0.5300922322434833,0.3222162127494812,0.5775100401606426,0.6873338167754411,0.8095238095238095,0.5651438240270727,0.0902654867256637,0.1624203821656051,0.7414927617973303,0.1192958768699931,results/slurm/phase1_1184439_341.err,complex,fourier,median,rms,widely_linear,complex_only / none,modrelu
phase1_1184439_342,phase1,,1184439,342,cx_ksp_med_rms_wl_single_none_magsilu,True,2026-08-23 02:48:11,0.6384865916397677,0.3812010288238525,0.5477911646586345,0.6341148980742889,0.7301587301587301,0.5380710659898477,0.0777027027027027,0.1404580152671755,0.6928934010152284,0.1035366929130233,results/slurm/phase1_1184439_342.err,complex,fourier,median,rms,widely_linear,complex_only / none,magnitude_silu
phase1_1184439_343,phase1,,1184439,343,cx_ksp_med_rms_wl_single_none_crelu,True,2026-08-23 07:27:52,0.7519052511716943,0.1478050798177719,0.5228915662650603,0.5608935621625977,0.6031746031746031,0.5186125211505922,0.0626029654036243,0.1134328358208955,0.5802245320011817,0.0736718251756248,results/slurm/phase1_1184439_343.err,complex,fourier,median,rms,widely_linear,complex_only / none,crelu
phase1_1184439_344,phase1,,1184439,344,cx_ksp_med_rms_wl_single_none_card,True,2026-08-23 12:01:15,0.317682007613431,0.0618677958846092,0.4120481927710843,0.5475989041978889,0.6984126984126984,0.3967851099830795,0.0581241743725231,0.1073170731707317,0.6234388848602047,0.0972448004594779,results/slurm/phase1_1184439_344.err,complex,fourier,median,rms,widely_linear,complex_only / none,cardioid
phase1_1184439_345,phase1,,1184439,345,cx_ksp_med_rms_wl_single_holo_modrelu,True,2026-08-23 16:58:08,0.7203288647544432,0.5137684941291809,0.3630522088353413,0.5293086777858351,0.7142857142857143,0.344331641285956,0.0548780487804878,0.101925254813137,0.5166518948244837,0.0559004995215068,results/slurm/phase1_1184439_345.err,complex,fourier,median,rms,widely_linear,complex_only / holographic,modrelu
phase1_1184439_346,phase1,,1184439,346,cx_ksp_med_rms_wl_single_holo_magsilu,True,2026-08-23 07:29:33,0.6634974128271203,0.5289191603660583,0.6337349397590362,0.5516477318507775,0.4603174603174603,0.6429780033840947,0.0643015521064301,0.11284046692607,0.546719308140628,0.0560383882608441,results/slurm/phase1_1184439_346.err,complex,fourier,median,rms,widely_linear,complex_only / holographic,magnitude_silu
phase1_1184439_347,phase1,,1184439,347,cx_ksp_med_rms_wl_single_holo_crelu,True,2026-08-22 19:27:17,0.7170997028848732,0.3637859225273132,0.4337349397590361,0.5064257513496092,0.5873015873015873,0.4255499153976311,0.0516759776536312,0.0949935815147625,0.5206805790562136,0.0821900908403692,results/slurm/phase1_1184439_347.err,complex,fourier,median,rms,widely_linear,complex_only / holographic,crelu
phase1_1184439_348,phase1,,1184439,348,cx_ksp_med_rms_wl_single_holo_card,True,2026-08-23 14:08:01,0.4892146898560734,0.0786697790026664,0.4281124497991967,0.5560591410845218,0.6984126984126984,0.4137055837563452,0.0597014925373134,0.11,0.6277630059355948,0.0918135039159913,results/slurm/phase1_1184439_348.err,complex,fourier,median,rms,widely_linear,complex_only / holographic,cardioid
phase1_1184439_349,phase1,,1184439,349,cx_ksp_med_rms_wl_dual_none_modrelu,True,2026-08-23 01:50:40,0.3378815991804004,0.0318744331598281,0.691566265060241,0.589618080734832,0.4761904761904761,0.7030456852791879,0.0787401574803149,0.1351351351351351,0.6528751376467112,0.0770914203027968,results/slurm/phase1_1184439_349.err,complex,fourier,median,rms,widely_linear,dual / none,modrelu
phase1_1184439_350,phase1,,1184439,350,cx_ksp_med_rms_wl_dual_none_magsilu,True,2026-08-23 07:08:55,0.5396361380696285,0.0997942611575126,0.7028112449799196,0.5579727660945935,0.3968253968253968,0.7191201353637902,0.0700280112044818,0.119047619047619,0.6068272768780383,0.0703593859255148,results/slurm/phase1_1184439_350.err,complex,fourier,median,rms,widely_linear,dual / none,magnitude_silu
phase1_1184439_351,phase1,,1184439,351,cx_ksp_med_rms_wl_dual_none_crelu,True,2026-08-22 22:51:18,0.3606413006303312,0.007129933219403,0.6457831325301204,0.5805333977922811,0.5079365079365079,0.6531302876480541,0.0723981900452488,0.1267326732673267,0.6147503558671071,0.1028334073592517,results/slurm/phase1_1184439_351.err,complex,fourier,median,rms,widely_linear,dual / none,crelu
phase1_1184439_352,phase1,,1184439,352,cx_ksp_med_rms_wl_dual_none_card,True,2026-08-23 14:53:04,0.2867472614146709,0.0025052786804735,0.3751004016064257,0.6032753202803964,0.8571428571428571,0.3494077834179357,0.0656136087484811,0.1218961625282167,0.6480944323583918,0.0825073442104562,results/slurm/phase1_1184439_352.err,complex,fourier,median,rms,widely_linear,dual / none,cardioid
phase1_1184439_353,phase1,,1184439,353,cx_ksp_med_rms_wl_dual_gate_modrelu,True,2026-08-22 22:47:46,1.487255626079069,0.71940016746521,0.4112449799196787,0.5697163806300862,0.746031746031746,0.3934010152284264,0.0615183246073298,0.1136638452237001,0.5939489162839416,0.1006145930758692,results/slurm/phase1_1184439_353.err,complex,fourier,median,rms,widely_linear,dual / modulus_gate,modrelu
phase1_1184439_354,phase1,,1184439,354,cx_ksp_med_rms_wl_dual_gate_magsilu,True,2026-08-23 13:22:22,0.4615439242626312,0.0005214787088334,0.4987951807228916,0.58577068729353,0.6825396825396826,0.4890016920473773,0.0664605873261205,0.1211267605633802,0.5873284451964655,0.0921000732775194,results/slurm/phase1_1184439_354.err,complex,fourier,median,rms,widely_linear,dual / modulus_gate,magnitude_silu
phase1_1184439_355,phase1,,1184439,355,cx_ksp_med_rms_wl_dual_gate_crelu,True,2026-08-23 02:11:44,1.3343675179205028,0.1069620996713638,0.4216867469879518,0.5301345580533398,0.6507936507936508,0.4094754653130287,0.0554803788903924,0.1022443890274314,0.5955335320817554,0.0748587188898332,results/slurm/phase1_1184439_355.err,complex,fourier,median,rms,widely_linear,dual / modulus_gate,crelu
phase1_1184439_356,phase1,,1184439,356,cx_ksp_med_rms_wl_dual_gate_card,True,2026-08-23 01:03:47,0.2547133220251216,0.0062784706242382,0.5333333333333333,0.7016356457980824,0.8888888888888888,0.5143824027072758,0.0888888888888888,0.1616161616161616,0.7341471275481428,0.1205038444973825,results/slurm/phase1_1184439_356.err,complex,fourier,median,rms,widely_linear,dual / modulus_gate,cardioid
phase1_1184439_357,phase1,,1184439,357,cx_ksp_med_rms_wl_dual_holo_modrelu,True,2026-08-23 02:46:24,0.6614521577655306,0.5,0.7975903614457831,0.6003746676335509,0.3809523809523809,0.8197969543147208,0.1012658227848101,0.16,0.616898987457363,0.1375725066494012,results/slurm/phase1_1184439_357.err,complex,fourier,median,rms,widely_linear,dual / holographic,modrelu
phase1_1184439_358,phase1,,1184439,358,cx_ksp_med_rms_wl_dual_holo_magsilu,True,2026-08-23 07:44:35,0.5157445173665695,0.000341727893101,0.4755020080321285,0.5810168399000886,0.6984126984126984,0.4636209813874788,0.0648967551622418,0.1187584345479082,0.6217871243251953,0.0889811033176142,results/slurm/phase1_1184439_358.err,complex,fourier,median,rms,widely_linear,dual / holographic,magnitude_silu
phase1_1184439_359,phase1,,1184439,359,cx_ksp_med_rms_wl_dual_holo_crelu,True,2026-08-23 01:42:37,0.3101995412126112,0.0016146025154739,0.5726907630522088,0.602147288695512,0.6349206349206349,0.5693739424703892,0.0728597449908925,0.130718954248366,0.6739854430209761,0.1013699016503323,results/slurm/phase1_1184439_359.err,complex,fourier,median,rms,widely_linear,dual / holographic,crelu
phase1_1184439_360,phase1,,1184439,360,cx_ksp_med_rms_wl_dual_holo_card,True,2026-08-23 01:14:52,0.3632701366778882,0.0361039601266384,0.6690763052208836,0.5928007412778986,0.5079365079365079,0.6776649746192893,0.0774818401937046,0.134453781512605,0.6659549324523943,0.0881736942334009,results/slurm/phase1_1184439_360.err,complex,fourier,median,rms,widely_linear,dual / holographic,cardioid
phase1_1184439_361,phase1,,1184439,361,cx_ksp_med_cbn_std_single_none_modrelu,True,2026-08-23 01:34:26,0.3272109901450245,0.1115781515836715,0.485140562248996,0.6462009507694787,0.8253968253968254,0.467005076142132,0.0762463343108504,0.1395973154362416,0.7213359116912417,0.1121009467972841,results/slurm/phase1_1184439_361.err,complex,fourier,median,batchnorm,standard,complex_only / none,modrelu
phase1_1184439_362,phase1,,1184439,362,cx_ksp_med_cbn_std_single_none_magsilu,True,2026-08-23 03:53:57,0.4567287564756401,0.4632859826087951,0.7453815261044177,0.5954193860285231,0.4285714285714285,0.7622673434856176,0.0876623376623376,0.1455525606469002,0.6587301587301587,0.0901904386539371,results/slurm/phase1_1184439_362.err,complex,fourier,median,batchnorm,standard,complex_only / none,magnitude_silu
phase1_1184439_363,phase1,,1184439,363,cx_ksp_med_cbn_std_single_none_crelu,True,2026-08-23 11:08:27,0.3197870181753752,0.0158193930983543,0.6313253012048192,0.6630811377004271,0.6984126984126984,0.6277495769881557,0.0909090909090909,0.1608775137111517,0.7395052775763435,0.1114596668211702,results/slurm/phase1_1184439_363.err,complex,fourier,median,batchnorm,standard,complex_only / none,crelu
phase1_1184439_364,phase1,,1184439,364,cx_ksp_med_cbn_std_single_none_card,True,2026-08-23 06:34:31,0.8356844113055003,0.4890961945056915,0.5477911646586345,0.6266014019821127,0.7142857142857143,0.538917089678511,0.0762711864406779,0.1378254211332312,0.6488330244675422,0.0769747149391549,results/slurm/phase1_1184439_364.err,complex,fourier,median,batchnorm,standard,complex_only / none,cardioid
phase1_1184439_365,phase1,,1184439,365,cx_ksp_med_cbn_std_single_holo_modrelu,True,2026-08-23 02:58:30,0.3713703132896538,0.3231724202632904,0.7028112449799196,0.5805132543711224,0.4444444444444444,0.7165820642978004,0.0771349862258953,0.1314553990610328,0.6641017377057986,0.088209828931538,results/slurm/phase1_1184439_365.err,complex,fourier,median,batchnorm,standard,complex_only / holographic,modrelu
phase1_1184439_366,phase1,,1184439,366,cx_ksp_med_cbn_std_single_holo_magsilu,True,2026-08-24 14:16:50,0.4481568294341664,0.5019526481628418,0.7807228915662651,0.6215454032712916,0.4444444444444444,0.7986463620981388,0.1052631578947368,0.1702127659574468,0.7176966669352456,0.1019095363844315,results/slurm/phase1_1184439_366.err,complex,fourier,median,batchnorm,standard,complex_only / holographic,magnitude_silu
phase1_1184439_367,phase1,,1184439,367,cx_ksp_med_cbn_std_single_holo_crelu,True,2026-08-23 03:32:53,0.2531210030418312,0.0259344242513179,0.7582329317269076,0.6322415599065345,0.492063492063492,0.772419627749577,0.1033333333333333,0.1707988980716253,0.693793140493648,0.1469923231237271,results/slurm/phase1_1184439_367.err,complex,fourier,median,batchnorm,standard,complex_only / holographic,crelu
phase1_1184439_368,phase1,,1184439,368,cx_ksp_med_cbn_std_single_holo_card,True,2026-08-23 09:37:04,0.3989976992568816,0.3329237997531891,0.7823293172690763,0.5773104504068971,0.3492063492063492,0.805414551607445,0.0873015873015873,0.1396825396825396,0.6242580506539898,0.1024292615350762,results/slurm/phase1_1184439_368.err,complex,fourier,median,batchnorm,standard,complex_only / holographic,cardioid
phase1_1184439_369,phase1,,1184439,369,cx_ksp_med_cbn_std_dual_none_modrelu,True,2026-08-23 08:29:20,0.3380340377489492,0.0171810239553451,0.6811244979919678,0.5465514462976392,0.3968253968253968,0.6962774957698815,0.0651041666666666,0.1118568232662192,0.613649182177101,0.0844264689760443,results/slurm/phase1_1184439_369.err,complex,fourier,median,batchnorm,standard,dual / none,modrelu
phase1_1184439_370,phase1,,1184439,370,cx_ksp_med_cbn_std_dual_none_magsilu,True,2026-08-23 15:24:58,0.3465488693306604,0.0337266996502876,0.5542168674698795,0.5698775279993554,0.5873015873015873,0.5524534686971235,0.0653710247349823,0.1176470588235294,0.5740203582843176,0.0585507475563273,results/slurm/phase1_1184439_370.err,complex,fourier,median,batchnorm,standard,dual / none,magnitude_silu
phase1_1184439_371,phase1,,1184439,371,cx_ksp_med_cbn_std_dual_none_crelu,True,2026-08-23 09:16:28,0.5438756277522887,0.0210114307701587,0.3590361445783132,0.527193618564177,0.7142857142857143,0.3401015228426396,0.0545454545454545,0.1013513513513513,0.5688233556253861,0.0775499159010893,results/slurm/phase1_1184439_371.err,complex,fourier,median,batchnorm,standard,dual / none,crelu
phase1_1184439_372,phase1,,1184439,372,cx_ksp_med_cbn_std_dual_none_card,True,2026-08-23 04:58:42,0.5635324860133799,0.1109977960586547,0.4666666666666667,0.5989041978889695,0.746031746031746,0.4517766497461929,0.0676258992805755,0.1240105540897097,0.6492358928907153,0.0887911424892342,results/slurm/phase1_1184439_372.err,complex,fourier,median,batchnorm,standard,dual / none,cardioid
phase1_1184439_373,phase1,,1184439,373,cx_ksp_med_cbn_std_dual_gate_modrelu,True,2026-08-23 02:29:49,0.5774515686294879,0.0629623234272003,0.5317269076305221,0.573060188542422,0.6190476190476191,0.5270727580372251,0.0652173913043478,0.1180030257186081,0.6277361480407165,0.0835086034801212,results/slurm/phase1_1184439_373.err,complex,fourier,median,batchnorm,standard,dual / modulus_gate,modrelu
phase1_1184439_374,phase1,,1184439,374,cx_ksp_med_cbn_std_dual_gate_magsilu,True,2026-08-23 10:30:03,0.2581598511182639,0.0159516427665948,0.5365461847389559,0.5981387478849407,0.6666666666666666,0.5296108291032149,0.0702341137123745,0.1270801815431164,0.637633282303333,0.0751756445645766,results/slurm/phase1_1184439_374.err,complex,fourier,median,batchnorm,standard,dual / modulus_gate,magnitude_silu
phase1_1184439_375,phase1,,1184439,375,cx_ksp_med_cbn_std_dual_gate_crelu,True,2026-08-23 12:24:27,0.4215179893386412,0.03706581518054,0.4457831325301205,0.617959874305052,0.8095238095238095,0.4263959390862944,0.0699588477366255,0.1287878787878787,0.6616308113770042,0.0930918607223123,results/slurm/phase1_1184439_375.err,complex,fourier,median,batchnorm,standard,dual / modulus_gate,crelu
phase1_1184439_376,phase1,,1184439,376,cx_ksp_med_cbn_std_dual_gate_card,True,2026-08-23 08:37:44,0.8599446101839763,0.085563525557518,0.5084337349397591,0.5908468294255096,0.6825396825396826,0.4991539763113367,0.0677165354330708,0.1232091690544412,0.6601670561061423,0.0869171910341666,results/slurm/phase1_1184439_376.err,complex,fourier,median,batchnorm,standard,dual / modulus_gate,cardioid
phase1_1184439_377,phase1,,1184439,377,cx_ksp_med_cbn_std_dual_holo_modrelu,True,2026-08-23 11:09:06,0.3313051439071799,0.0034203364048153,0.5799196787148594,0.6284948835710258,0.6825396825396826,0.5744500846023689,0.0787545787545787,0.1412151067323481,0.6455295033975237,0.1171432275424204,results/slurm/phase1_1184439_377.err,complex,fourier,median,batchnorm,standard,dual / holographic,modrelu
phase1_1184439_378,phase1,,1184439,378,cx_ksp_med_cbn_std_dual_holo_magsilu,True,2026-08-23 05:43:04,0.8494693640245491,0.0366763062775135,0.4674698795180723,0.5241922488115381,0.5873015873015873,0.461082910321489,0.0548961424332344,0.1004070556309362,0.5565090108237316,0.0759124899681679,results/slurm/phase1_1184439_378.err,complex,fourier,median,batchnorm,standard,dual / holographic,magnitude_silu
phase1_1184439_379,phase1,,1184439,379,cx_ksp_med_cbn_std_dual_holo_crelu,True,2026-08-23 09:13:19,0.3671402730133729,0.0008939650724641,0.416867469879518,0.6102449440012891,0.8253968253968254,0.3950930626057529,0.0677966101694915,0.1253012048192771,0.6363575322966185,0.0888440398616959,results/slurm/phase1_1184439_379.err,complex,fourier,median,batchnorm,standard,dual / holographic,crelu
phase1_1184439_380,phase1,,1184439,380,cx_ksp_med_cbn_std_dual_holo_card,True,2026-08-23 09:11:11,0.2705322784083674,0.0221782755106687,0.6144578313253012,0.5865764241398759,0.5555555555555556,0.6175972927241963,0.0718685831622176,0.1272727272727272,0.6136894690194182,0.069727262041135,results/slurm/phase1_1184439_380.err,complex,fourier,median,batchnorm,standard,dual / holographic,cardioid
phase1_1184439_381,phase1,,1184439,381,cx_ksp_med_cbn_wl_single_none_modrelu,True,2026-08-23 19:48:38,0.4081396033037379,0.0837711468338966,0.5437751004016064,0.5643783740230441,0.5873015873015873,0.5414551607445008,0.0639032815198618,0.1152647975077881,0.6329734375419654,0.0958201482150216,results/slurm/phase1_1184439_381.err,complex,fourier,median,batchnorm,widely_linear,complex_only / none,modrelu
phase1_1184439_382,phase1,,1184439,382,cx_ksp_med_cbn_wl_single_none_magsilu,True,2026-08-23 08:43:05,0.4636350028964889,0.4106917083263397,0.62570281124498,0.56995810168399,0.5079365079365079,0.631979695431472,0.0685224839400428,0.120754716981132,0.6446700507614214,0.0699674625181749,results/slurm/phase1_1184439_382.err,complex,fourier,median,batchnorm,widely_linear,complex_only / none,magnitude_silu
phase1_1184439_383,phase1,,1184439,383,cx_ksp_med_cbn_wl_single_none_crelu,True,2026-08-24 06:23:19,0.4340752844829636,0.0005167796043679,0.5991967871485944,0.5935661912819273,0.5873015873015873,0.5998307952622673,0.0725490196078431,0.1291448516579406,0.6456369349770364,0.0912266620787777,results/slurm/phase1_1184439_383.err,complex,fourier,median,batchnorm,widely_linear,complex_only / none,crelu
phase1_1184439_384,phase1,,1184439,384,cx_ksp_med_cbn_wl_single_none_card,True,2026-08-23 10:14:46,0.4374350875739501,0.1072543486952781,0.5445783132530121,0.6173958585126098,0.6984126984126984,0.5363790186125211,0.0743243243243243,0.1343511450381679,0.649477613944619,0.079749154378073,results/slurm/phase1_1184439_384.err,complex,fourier,median,batchnorm,widely_linear,complex_only / none,cardioid
phase1_1184439_385,phase1,,1184439,385,cx_ksp_med_cbn_wl_single_holo_modrelu,True,2026-08-23 23:23:50,0.7463924468281757,0.456516683101654,0.3590361445783132,0.6173555716702925,0.9047619047619048,0.3299492385786802,0.0671378091872791,0.125,0.6169661321945586,0.0683811441694452,results/slurm/phase1_1184439_385.err,complex,fourier,median,batchnorm,widely_linear,complex_only / holographic,modrelu
phase1_1184439_386,phase1,,1184439,386,cx_ksp_med_cbn_wl_single_holo_magsilu,True,2026-08-23 06:34:31,0.6432555684602883,0.483228325843811,0.5148594377510041,0.4965554749818709,0.4761904761904761,0.5169204737732657,0.0499168053244592,0.0903614457831325,0.5230575027529343,0.0589952654761572,results/slurm/phase1_1184439_386.err,complex,fourier,median,batchnorm,widely_linear,complex_only / holographic,magnitude_silu
phase1_1184439_387,phase1,,1184439,387,cx_ksp_med_cbn_wl_single_holo_crelu,True,2026-08-23 15:40:01,0.3717437440910971,0.0272692739963531,0.4891566265060241,0.6558295060833133,0.8412698412698413,0.4703891708967851,0.0780559646539028,0.1428571428571428,0.7077592458303118,0.0946430025517565,results/slurm/phase1_1184439_387.err,complex,fourier,median,batchnorm,widely_linear,complex_only / holographic,crelu
phase1_1184439_388,phase1,,1184439,388,cx_ksp_med_cbn_wl_single_holo_card,True,2026-08-23 11:01:11,0.3520875967590205,0.0474211871623992,0.521285140562249,0.6502094915800499,0.7936507936507936,0.5067681895093062,0.0789889415481832,0.1436781609195402,0.6728574114360917,0.089317626978234,results/slurm/phase1_1184439_388.err,complex,fourier,median,batchnorm,widely_linear,complex_only / holographic,cardioid
phase1_1184439_389,phase1,,1184439,389,cx_ksp_med_cbn_wl_dual_none_modrelu,True,2026-08-23 13:32:43,1.111718888981754,0.2171291410923004,0.4811244979919679,0.5388969462573523,0.6031746031746031,0.4746192893401015,0.0576631259484066,0.1052631578947368,0.5822657320119249,0.0654928089996452,results/slurm/phase1_1184439_389.err,complex,fourier,median,batchnorm,widely_linear,dual / none,modrelu
phase1_1184439_390,phase1,,1184439,390,cx_ksp_med_cbn_wl_dual_none_magsilu,True,2026-08-23 09:59:24,0.3978749465750648,0.0072820456698536,0.570281124497992,0.5933647570703409,0.6190476190476191,0.5676818950930627,0.0709090909090909,0.1272430668841762,0.6097816453146403,0.0734686226231392,results/slurm/phase1_1184439_390.err,complex,fourier,median,batchnorm,widely_linear,dual / none,magnitude_silu
phase1_1184439_391,phase1,,1184439,391,cx_ksp_med_cbn_wl_dual_none_crelu,True,2026-08-24 04:42:37,0.6676873516351224,0.0076271262951195,0.3887550200803213,0.5278180646200951,0.6825396825396826,0.3730964467005076,0.0548469387755102,0.101534828807556,0.5616925845352241,0.0727782269922771,results/slurm/phase1_1184439_391.err,complex,fourier,median,batchnorm,widely_linear,dual / none,crelu
phase1_1184439_392,phase1,,1184439,392,cx_ksp_med_cbn_wl_dual_none_card,True,2026-08-23 16:29:54,0.4178647813061813,0.0156650599092245,0.5100401606425703,0.591692853114173,0.6825396825396826,0.5008460236886633,0.0679304897314376,0.1235632183908046,0.6507667928987726,0.100703727118678,results/slurm/phase1_1184439_392.err,complex,fourier,median,batchnorm,widely_linear,dual / none,cardioid
phase1_1184439_393,phase1,,1184439,393,cx_ksp_med_cbn_wl_dual_gate_modrelu,True,2026-08-23 18:47:11,0.4894408747856785,0.0253956764936447,0.5518072289156627,0.5310410120054789,0.5079365079365079,0.5541455160744501,0.0572450805008944,0.1028938906752411,0.5782907635699513,0.0632893918827369,results/slurm/phase1_1184439_393.err,complex,fourier,median,batchnorm,widely_linear,dual / modulus_gate,modrelu
phase1_1184439_394,phase1,,1184439,394,cx_ksp_med_cbn_wl_dual_gate_magsilu,True,2026-08-23 11:04:02,0.4573744489005337,0.0388110876083374,0.5654618473895582,0.6283941664652324,0.6984126984126984,0.5583756345177665,0.07773851590106,0.1399046104928457,0.6576692718824698,0.0774528146841887,results/slurm/phase1_1184439_394.err,complex,fourier,median,batchnorm,widely_linear,dual / modulus_gate,magnitude_silu
phase1_1184439_395,phase1,,1184439,395,cx_ksp_med_cbn_wl_dual_gate_crelu,True,2026-08-23 19:53:50,0.2481893934818156,0.2262255698442459,0.8931726907630522,0.568064620095077,0.2063492063492063,0.9297800338409477,0.1354166666666666,0.1635220125786163,0.7160583353476755,0.1420718691968103,results/slurm/phase1_1184439_395.err,complex,fourier,median,batchnorm,widely_linear,dual / modulus_gate,crelu
phase1_1184439_396,phase1,,1184439,396,cx_ksp_med_cbn_wl_dual_gate_card,True,2026-08-24 07:34:41,0.3343282183729508,0.0006987589295022,0.5678714859437751,0.6146362098138748,0.6666666666666666,0.562605752961083,0.0751341681574239,0.135048231511254,0.6686944377299707,0.086340334674638,results/slurm/phase1_1184439_396.err,complex,fourier,median,batchnorm,widely_linear,dual / modulus_gate,cardioid
phase1_1184439_397,phase1,,1184439,397,cx_ksp_med_cbn_wl_dual_holo_modrelu,True,2026-08-23 12:45:01,0.6577519639847748,0.1740645766258239,0.5614457831325301,0.5887116267826928,0.6190476190476191,0.5583756345177665,0.0695187165775401,0.125,0.6025300136975263,0.0834696035438727,results/slurm/phase1_1184439_397.err,complex,fourier,median,batchnorm,widely_linear,dual / holographic,modrelu
phase1_1184439_398,phase1,,1184439,398,cx_ksp_med_cbn_wl_dual_holo_magsilu,True,2026-08-23 20:45:30,0.605819953492951,0.013296271674335,0.3887550200803213,0.5503585528966239,0.7301587301587301,0.3705583756345177,0.0582278481012658,0.107854630715123,0.6100770821583004,0.0896460570431962,results/slurm/phase1_1184439_398.err,complex,fourier,median,batchnorm,widely_linear,dual / holographic,magnitude_silu
phase1_1184439_399,phase1,,1184439,399,cx_ksp_med_cbn_wl_dual_holo_crelu,True,2026-08-24 01:18:05,0.286572083794179,0.0049947551451623,0.6032128514056225,0.6407622270566433,0.6825396825396826,0.5989847715736041,0.0831721470019342,0.1482758620689655,0.6859774930840921,0.1187806927744256,results/slurm/phase1_1184439_399.err,complex,fourier,median,batchnorm,widely_linear,dual / holographic,crelu
phase1_1184439_400,phase1,,1184439,400,cx_ksp_med_cbn_wl_dual_holo_card,True,2026-08-23 20:06:42,0.8874915440877279,0.1168852299451828,0.3180722891566265,0.5281605027797921,0.7619047619047619,0.2944162436548223,0.0544217687074829,0.1015873015873015,0.5965138452448097,0.071928031460383,results/slurm/phase1_1184439_400.err,complex,fourier,median,batchnorm,widely_linear,dual / holographic,cardioid
phase1_1184439_401,phase1,,1184439,401,cx_ksp_avg_rms_std_single_none_modrelu,True,2026-08-23 12:42:23,0.6891762367273909,0.4999021589756012,0.704417670682731,0.6489807428893724,0.5873015873015873,0.7106598984771574,0.0976253298153034,0.167420814479638,0.7355840249241264,0.1333975690063099,results/slurm/phase1_1184439_401.err,complex,fourier,average,rms,standard,complex_only / none,modrelu
phase1_1184439_402,phase1,,1184439,402,cx_ksp_avg_rms_std_single_none_magsilu,True,2026-08-24 03:28:49,0.8234225582406224,0.5801243185997009,0.6963855421686747,0.6297236322617034,0.5555555555555556,0.7038917089678511,0.0909090909090909,0.15625,0.6993124378911181,0.1299109010353447,results/slurm/phase1_1184439_402.err,complex,fourier,average,rms,standard,complex_only / none,magnitude_silu
phase1_1184439_403,phase1,,1184439,403,cx_ksp_avg_rms_std_single_none_crelu,True,2026-08-23 10:53:39,0.429184198906144,0.0345166996121406,0.4835341365461847,0.5551929739746999,0.6349206349206349,0.4754653130287648,0.0606060606060606,0.1106500691562932,0.5939757741788199,0.1050480312631918,results/slurm/phase1_1184439_403.err,complex,fourier,average,rms,standard,complex_only / none,crelu
phase1_1184439_404,phase1,,1184439,404,cx_ksp_avg_rms_std_single_none_card,True,2026-08-23 12:03:29,1.01806388643372,0.0677092894911766,0.3799196787148594,0.523164934332447,0.6825396825396826,0.3637901861252115,0.0540880503144654,0.1002331002331002,0.5647946713936562,0.1277736195434499,results/slurm/phase1_1184439_404.err,complex,fourier,average,rms,standard,complex_only / none,cardioid
phase1_1184439_405,phase1,,1184439,405,cx_ksp_avg_rms_std_single_holo_modrelu,True,2026-08-23 18:38:30,0.4308873881178208,0.3182063400745392,0.4987951807228916,0.5557167029248248,0.6190476190476191,0.4923857868020304,0.0610328638497652,0.1111111111111111,0.6018182794832541,0.0967531080879388,results/slurm/phase1_1184439_405.err,complex,fourier,average,rms,standard,complex_only / holographic,modrelu
phase1_1184439_406,phase1,,1184439,406,cx_ksp_avg_rms_std_single_holo_magsilu,True,2026-08-23 20:07:15,0.4110567711443307,0.287517100572586,0.6441767068273092,0.6698493272097332,0.6984126984126984,0.6412859560067682,0.094017094017094,0.1657250470809793,0.7334622512287488,0.1177596796536247,results/slurm/phase1_1184439_406.err,complex,fourier,average,rms,standard,complex_only / holographic,magnitude_silu
phase1_1184439_407,phase1,,1184439,407,cx_ksp_avg_rms_std_single_holo_crelu,True,2026-08-23 21:34:06,0.3906545836044602,0.0005244620842859,0.3566265060240964,0.578519055676416,0.8253968253968254,0.3316412859560068,0.0617577197149643,0.1149171270718232,0.6284881690973062,0.0810539478832593,results/slurm/phase1_1184439_407.err,complex,fourier,average,rms,standard,complex_only / holographic,crelu
phase1_1184439_408,phase1,,1184439,408,cx_ksp_avg_rms_std_single_holo_card,True,2026-08-23 22:18:30,0.2646682232752981,0.0071780644357204,0.4666666666666667,0.6514986705342035,0.8571428571428571,0.4458544839255499,0.076163610719323,0.1398963730569948,0.699849595788682,0.106474554922099,results/slurm/phase1_1184439_408.err,complex,fourier,average,rms,standard,complex_only / holographic,cardioid
phase1_1184439_409,phase1,,1184439,409,cx_ksp_avg_rms_std_dual_none_modrelu,True,2026-08-23 17:27:52,0.4450274741314501,0.0120812486857175,0.5775100401606426,0.5671178793006204,0.5555555555555556,0.5786802030456852,0.0656660412757973,0.1174496644295302,0.6246340611822845,0.0640247446925674,results/slurm/phase1_1184439_409.err,complex,fourier,average,rms,standard,dual / none,modrelu
phase1_1184439_410,phase1,,1184439,410,cx_ksp_avg_rms_std_dual_none_magsilu,True,2026-08-23 16:25:53,0.4444786650124922,0.0695044323801994,0.6562248995983936,0.5935460478607687,0.5238095238095238,0.6632825719120136,0.0765661252900232,0.1336032388663967,0.6419171165364059,0.089770117279107,results/slurm/phase1_1184439_410.err,complex,fourier,average,rms,standard,dual / none,magnitude_silu
phase1_1184439_411,phase1,,1184439,411,cx_ksp_avg_rms_std_dual_none_crelu,True,2026-08-23 13:54:13,0.3245497634641856,0.0386991314589977,0.4337349397590361,0.5665337200870195,0.7142857142857143,0.4187817258883248,0.0614754098360655,0.1132075471698113,0.5607525582144872,0.0605492337789524,results/slurm/phase1_1184439_411.err,complex,fourier,average,rms,standard,dual / none,crelu
phase1_1184439_412,phase1,,1184439,412,cx_ksp_avg_rms_std_dual_none_card,True,2026-08-23 13:26:37,0.3773286548963033,0.0005055302754044,0.4546184738955823,0.5399645475787608,0.6349206349206349,0.4450084602368866,0.057471264367816,0.1054018445322793,0.5707168372142991,0.0745447058653451,results/slurm/phase1_1184439_412.err,complex,fourier,average,rms,standard,dual / none,cardioid
phase1_1184439_413,phase1,,1184439,413,cx_ksp_avg_rms_std_dual_gate_modrelu,True,2026-08-23 18:26:45,0.2647398582423558,0.0070246187970042,0.6546184738955824,0.6753484811860446,0.6984126984126984,0.6522842639593909,0.0967032967032967,0.1698841698841698,0.7260091854000483,0.1388079812655506,results/slurm/phase1_1184439_413.err,complex,fourier,average,rms,standard,dual / modulus_gate,modrelu
phase1_1184439_414,phase1,,1184439,414,cx_ksp_avg_rms_std_dual_gate_magsilu,True,2026-08-23 12:36:16,0.4403183361133897,0.1368190944194793,0.6714859437751004,0.5489888002578358,0.4126984126984127,0.6852791878172588,0.0653266331658291,0.1127982646420824,0.5811377004270405,0.0746974667405484,results/slurm/phase1_1184439_414.err,complex,fourier,average,rms,standard,dual / modulus_gate,magnitude_silu
phase1_1184439_415,phase1,,1184439,415,cx_ksp_avg_rms_std_dual_gate_crelu,True,2026-08-23 19:52:08,0.4200826849804323,0.0043632332235574,0.4096385542168674,0.5463298686648941,0.6984126984126984,0.3942470389170897,0.0578947368421052,0.1069258809234507,0.5943114978647974,0.0633834073558335,results/slurm/phase1_1184439_415.err,complex,fourier,average,rms,standard,dual / modulus_gate,crelu
phase1_1184439_416,phase1,,1184439,416,cx_ksp_avg_rms_std_dual_gate_card,True,2026-08-23 16:47:57,0.2957926878024895,0.0433075092732906,0.5967871485943775,0.6524051244863427,0.7142857142857143,0.5905245346869712,0.0850661625708884,0.152027027027027,0.7051271721322483,0.154688078527463,results/slurm/phase1_1184439_416.err,complex,fourier,average,rms,standard,dual / modulus_gate,cardioid
phase1_1184439_417,phase1,,1184439,417,cx_ksp_avg_rms_std_dual_holo_modrelu,True,2026-08-23 14:56:34,0.287264448715501,0.008669938892126,0.4682730923694779,0.5997502215776327,0.746031746031746,0.4534686971235194,0.0678210678210678,0.1243386243386243,0.6134343190180753,0.0830019321703145,results/slurm/phase1_1184439_417.err,complex,fourier,average,rms,standard,dual / holographic,modrelu
phase1_1184439_418,phase1,,1184439,418,cx_ksp_avg_rms_std_dual_holo_magsilu,True,2026-08-23 16:18:56,0.2740973267719209,0.0929383635520935,0.5911646586345382,0.6269035532994924,0.6666666666666666,0.5871404399323181,0.0792452830188679,0.1416526138279932,0.6953643273440228,0.1057162703850051,results/slurm/phase1_1184439_418.err,complex,fourier,average,rms,standard,dual / holographic,magnitude_silu
phase1_1184439_419,phase1,,1184439,419,cx_ksp_avg_rms_std_dual_holo_crelu,True,2026-08-23 23:02:54,0.4444479617712847,0.0154073983430862,0.4779116465863454,0.5747723793409073,0.6825396825396826,0.467005076142132,0.0638930163447251,0.1168478260869565,0.6139714769156394,0.0708902181870195,results/slurm/phase1_1184439_419.err,complex,fourier,average,rms,standard,dual / holographic,crelu
phase1_1184439_420,phase1,,1184439,420,cx_ksp_avg_rms_std_dual_holo_card,True,2026-08-23 18:03:54,0.4180593501136874,0.0028345899190753,0.4465863453815261,0.5507614213197969,0.6666666666666666,0.4348561759729272,0.0591549295774647,0.1086675291073738,0.5644186608653614,0.0681884240198927,results/slurm/phase1_1184439_420.err,complex,fourier,average,rms,standard,dual / holographic,cardioid
phase1_1184439_421,phase1,,1184439,421,cx_ksp_avg_rms_wl_single_none_modrelu,True,2026-08-25 14:58:01,0.3502806155557134,0.2037000656127929,0.727710843373494,0.5560591410845218,0.365079365079365,0.7470389170896785,0.0714285714285714,0.1194805194805194,0.6363978191389359,0.0892178020312095,results/slurm/phase1_1184439_421.err,complex,fourier,average,rms,widely_linear,complex_only / none,modrelu
phase1_1184439_422,phase1,,1184439,422,cx_ksp_avg_rms_wl_single_none_magsilu,True,2026-08-24 00:45:57,0.4650066782133167,0.3319171667098999,0.6843373493975904,0.6534324389654339,0.6190476190476191,0.6878172588832487,0.0955882352941176,0.1656050955414012,0.717347514301829,0.1056150775760052,results/slurm/phase1_1184439_422.err,complex,fourier,average,rms,widely_linear,complex_only / none,magnitude_silu
phase1_1184439_423,phase1,,1184439,423,cx_ksp_avg_rms_wl_single_none_crelu,True,2026-08-23 20:11:29,2.4042987513254923,0.9772776365280152,0.7293172690763052,0.5118241882201273,0.2698412698412698,0.7538071065989848,0.0551948051948051,0.091644204851752,0.5522654634329761,0.0683225392453736,results/slurm/phase1_1184439_423.err,complex,fourier,average,rms,widely_linear,complex_only / none,crelu
phase1_1184439_424,phase1,,1184439,424,cx_ksp_avg_rms_wl_single_none_card,True,2026-08-24 00:32:28,1.1618351411568113,0.6141337156295776,0.6674698795180722,0.6295221980501169,0.5873015873015873,0.6717428087986463,0.0870588235294117,0.151639344262295,0.6173690006177317,0.1087300591981378,results/slurm/phase1_1184439_424.err,complex,fourier,average,rms,widely_linear,complex_only / none,cardioid
phase1_1184439_425,phase1,,1184439,425,cx_ksp_avg_rms_wl_single_holo_modrelu,True,2026-08-23 23:24:14,0.5300451405077096,0.5049539804458618,0.7172690763052209,0.5355329949238579,0.3333333333333333,0.7377326565143824,0.0634441087613293,0.1065989847715736,0.6160798216635781,0.0640046397547937,results/slurm/phase1_1184439_425.err,complex,fourier,average,rms,widely_linear,complex_only / holographic,modrelu
phase1_1184439_426,phase1,,1184439,426,cx_ksp_avg_rms_wl_single_holo_magsilu,True,2026-08-23 18:04:40,0.6260066649521211,0.4735198616981506,0.465863453815261,0.6285351704133431,0.8095238095238095,0.4475465313028764,0.0724431818181818,0.1329856584093872,0.6610802245320011,0.1179726821351478,results/slurm/phase1_1184439_426.err,complex,fourier,average,rms,widely_linear,complex_only / holographic,magnitude_silu
phase1_1184439_427,phase1,,1184439,427,cx_ksp_avg_rms_wl_single_holo_crelu,True,2026-08-23 18:40:30,0.4702589244248876,0.0825938954949379,0.593574297188755,0.5755781161872533,0.5555555555555556,0.5956006768189509,0.0682261208576998,0.1215277777777777,0.5987027636773828,0.0714136612609914,results/slurm/phase1_1184439_427.err,complex,fourier,average,rms,widely_linear,complex_only / holographic,crelu
phase1_1184439_428,phase1,,1184439,428,cx_ksp_avg_rms_wl_single_holo_card,True,2026-08-24 02:09:32,0.3742972129320045,0.3177545368671417,0.7823293172690763,0.5622834582225444,0.3174603174603174,0.8071065989847716,0.0806451612903225,0.1286173633440514,0.6006365321086133,0.100844623532118,results/slurm/phase1_1184439_428.err,complex,fourier,average,rms,widely_linear,complex_only / holographic,cardioid
phase1_1184439_429,phase1,,1184439,429,cx_ksp_avg_rms_wl_dual_none_modrelu,True,2026-08-23 18:46:01,0.3254171296295753,0.0061221225187182,0.5365461847389559,0.5831117557005882,0.6349206349206349,0.5313028764805414,0.0673400673400673,0.121765601217656,0.6374049901968684,0.1001951338910871,results/slurm/phase1_1184439_429.err,complex,fourier,average,rms,widely_linear,dual / none,modrelu
phase1_1184439_430,phase1,,1184439,430,cx_ksp_avg_rms_wl_dual_none_magsilu,True,2026-08-23 21:25:11,0.3684506134350735,0.0040577012114226,0.4409638554216867,0.6079083071468858,0.7936507936507936,0.422165820642978,0.068212824010914,0.1256281407035175,0.6617382429565171,0.0904838595929353,results/slurm/phase1_1184439_430.err,complex,fourier,average,rms,widely_linear,dual / none,magnitude_silu
phase1_1184439_431,phase1,,1184439,431,cx_ksp_avg_rms_wl_dual_none_crelu,True,2026-08-23 20:02:36,1.2359779397766275,0.3568263053894043,0.5020080321285141,0.6325437112239143,0.7777777777777778,0.4873096446700508,0.0748091603053435,0.1364902506963788,0.6708430693202266,0.0815276579895563,results/slurm/phase1_1184439_431.err,complex,fourier,average,rms,widely_linear,dual / none,crelu
phase1_1184439_432,phase1,,1184439,432,cx_ksp_avg_rms_wl_dual_none_card,True,2026-08-24 03:09:20,0.3348348080872064,0.0090096471831202,0.6449799196787148,0.5500564015792442,0.4444444444444444,0.6556683587140439,0.064367816091954,0.1124497991967871,0.5684876319394085,0.0688059929477081,results/slurm/phase1_1184439_432.err,complex,fourier,average,rms,widely_linear,dual / none,cardioid
phase1_1184439_433,phase1,,1184439,433,cx_ksp_avg_rms_wl_dual_gate_modrelu,True,2026-08-23 19:12:29,0.5154430989759514,0.3323641419410705,0.7293172690763052,0.6094996374184192,0.4761904761904761,0.7428087986463621,0.0898203592814371,0.1511335012594458,0.68556119571348,0.1124229198847411,results/slurm/phase1_1184439_433.err,complex,fourier,average,rms,widely_linear,dual / modulus_gate,modrelu
phase1_1184439_434,phase1,,1184439,434,cx_ksp_avg_rms_wl_dual_gate_magsilu,True,2026-08-24 01:52:41,0.3057912782493822,0.0031808293424546,0.6144578313253012,0.5565224397711708,0.492063492063492,0.6209813874788495,0.0647181628392484,0.1143911439114391,0.5948755136572395,0.0696907660839798,results/slurm/phase1_1184439_434.err,complex,fourier,average,rms,widely_linear,dual / modulus_gate,magnitude_silu
phase1_1184439_435,phase1,,1184439,435,cx_ksp_avg_rms_wl_dual_gate_crelu,True,2026-08-23 19:56:30,0.7016022701938468,0.350319892168045,0.5469879518072289,0.6862863588751913,0.8412698412698413,0.5313028764805414,0.0873146622734761,0.1582089552238806,0.7315284827975183,0.1297365214436263,results/slurm/phase1_1184439_435.err,complex,fourier,average,rms,widely_linear,dual / modulus_gate,crelu
phase1_1184439_436,phase1,,1184439,436,cx_ksp_avg_rms_wl_dual_gate_card,True,2026-08-24 06:10:36,0.2390130271933165,0.0419757068157196,0.5710843373493976,0.5862742728224961,0.6031746031746031,0.5693739424703892,0.0694698354661791,0.1245901639344262,0.6005962452662961,0.0836196629250258,results/slurm/phase1_1184439_436.err,complex,fourier,average,rms,widely_linear,dual / modulus_gate,cardioid
phase1_1184439_437,phase1,,1184439,437,cx_ksp_avg_rms_wl_dual_holo_modrelu,True,2026-08-24 01:42:25,1.1484207470373935,0.300332635641098,0.4369477911646586,0.5607122713721698,0.6984126984126984,0.4230118443316413,0.0606060606060606,0.1115335868187579,0.607874734778288,0.0853225362686712,results/slurm/phase1_1184439_437.err,complex,fourier,average,rms,widely_linear,dual / holographic,modrelu
phase1_1184439_438,phase1,,1184439,438,cx_ksp_avg_rms_wl_dual_holo_magsilu,True,2026-08-23 20:48:14,0.4750795636071737,0.0896507203578949,0.5534136546184739,0.5844815083393764,0.6190476190476191,0.5499153976311336,0.0683012259194395,0.1230283911671924,0.6330942980689174,0.0786061715911884,results/slurm/phase1_1184439_438.err,complex,fourier,average,rms,widely_linear,dual / holographic,magnitude_silu
phase1_1184439_439,phase1,,1184439,439,cx_ksp_avg_rms_wl_dual_holo_crelu,True,2026-08-24 05:34:33,0.6065750555827256,0.0363559015095233,0.4843373493975904,0.6382644428329708,0.8095238095238095,0.467005076142132,0.0748898678414096,0.1370967741935483,0.6446029060242258,0.111771735563886,results/slurm/phase1_1184439_439.err,complex,fourier,average,rms,widely_linear,dual / holographic,crelu
phase1_1184439_440,phase1,,1184439,440,cx_ksp_avg_rms_wl_dual_holo_card,True,2026-08-24 07:27:16,0.3969515209696367,0.0202085692435503,0.6016064257028112,0.5647812424462171,0.5238095238095238,0.6057529610829103,0.0661322645290581,0.1174377224199288,0.5682861977278221,0.0806802950356158,results/slurm/phase1_1184439_440.err,complex,fourier,average,rms,widely_linear,dual / holographic,cardioid
phase1_1184439_441,phase1,,1184439,441,cx_ksp_avg_cbn_std_single_none_modrelu,True,2026-08-24 01:57:03,0.5098590901592769,0.3110426962375641,0.6867469879518072,0.6922689549593103,0.6984126984126984,0.6861252115059222,0.1060240963855421,0.1841004184100418,0.7533773802809336,0.1245806162980337,results/slurm/phase1_1184439_441.err,complex,fourier,average,batchnorm,standard,complex_only / none,modrelu
phase1_1184439_442,phase1,,1184439,442,cx_ksp_avg_cbn_std_single_none_magsilu,True,2026-08-24 03:11:53,0.769449246169094,0.2956057786941528,0.6208835341365462,0.6275279993554105,0.6349206349206349,0.6201353637901861,0.081799591002045,0.144927536231884,0.7066715010877447,0.1128466995464688,results/slurm/phase1_1184439_442.err,complex,fourier,average,batchnorm,standard,complex_only / none,magnitude_silu
phase1_1184439_443,phase1,,1184439,443,cx_ksp_avg_cbn_std_single_none_crelu,True,2026-08-24 09:44:25,0.2912907306449003,0.0052757281810045,0.5710843373493976,0.6238417532833777,0.6825396825396826,0.5651438240270727,0.0771992818671454,0.1387096774193548,0.720839040635995,0.1781833608006337,results/slurm/phase1_1184439_443.err,complex,fourier,average,batchnorm,standard,complex_only / none,crelu
phase1_1184439_444,phase1,,1184439,444,cx_ksp_avg_cbn_std_single_none_card,True,2026-08-24 02:41:24,0.2790090034763987,0.0098575418815016,0.6755020080321286,0.6562928047699621,0.6349206349206349,0.6776649746192893,0.0950118764845605,0.1652892561983471,0.6987215642037977,0.0927404512846687,results/slurm/phase1_1184439_444.err,complex,fourier,average,batchnorm,standard,complex_only / none,cardioid
phase1_1184439_445,phase1,,1184439,445,cx_ksp_avg_cbn_std_single_holo_modrelu,True,2026-08-25 18:46:41,0.5108088549839923,0.4185005724430084,0.5887550200803213,0.64066150995085,0.6984126984126984,0.5829103214890017,0.0819366852886405,0.1466666666666666,0.6820428114844359,0.0923057107591655,results/slurm/phase1_1184439_445.err,complex,fourier,average,batchnorm,standard,complex_only / holographic,modrelu
phase1_1184439_446,phase1,,1184439,446,cx_ksp_avg_cbn_std_single_holo_magsilu,True,2026-08-24 00:25:05,0.5358601548106795,0.401373028755188,0.5662650602409639,0.5536822173878011,0.5396825396825397,0.5676818950930627,0.0623853211009174,0.1118421052631579,0.6029060242258212,0.0672830402661122,results/slurm/phase1_1184439_446.err,complex,fourier,average,batchnorm,standard,complex_only / holographic,magnitude_silu
phase1_1184439_447,phase1,,1184439,447,cx_ksp_avg_cbn_std_single_holo_crelu,True,2026-08-23 23:07:13,0.3416382317098388,0.014125607907772,0.5437751004016064,0.5568648779308678,0.5714285714285714,0.5423011844331641,0.0623916811091854,0.1125,0.6416888244299411,0.1115655358026144,results/slurm/phase1_1184439_447.err,complex,fourier,average,batchnorm,standard,complex_only / holographic,crelu
phase1_1184439_448,phase1,,1184439,448,cx_ksp_avg_cbn_std_single_holo_card,True,2026-08-24 03:20:50,0.4085327328448315,0.0159474667161703,0.4152610441767068,0.5793449359439207,0.7619047619047619,0.3967851099830795,0.0630749014454664,0.116504854368932,0.6689495877313136,0.1158352856050735,results/slurm/phase1_1184439_448.err,complex,fourier,average,batchnorm,standard,complex_only / holographic,cardioid
phase1_1184439_449,phase1,,1184439,449,cx_ksp_avg_cbn_std_dual_none_modrelu,True,2026-08-24 04:22:25,0.4357993414603551,0.0002232504630228,0.5815261044176707,0.5767464346144549,0.5714285714285714,0.5820642978003384,0.0679245283018867,0.1214165261382799,0.5882819004646416,0.0620836637063989,results/slurm/phase1_1184439_449.err,complex,fourier,average,batchnorm,standard,dual / none,modrelu
phase1_1184439_450,phase1,,1184439,450,cx_ksp_avg_cbn_std_dual_none_magsilu,True,2026-08-24 06:04:03,0.2689086838060593,0.1735304743051529,0.7831325301204819,0.6153009427121102,0.4285714285714285,0.8020304568527918,0.1034482758620689,0.1666666666666666,0.6550237692369673,0.0960932895987192,results/slurm/phase1_1184439_450.err,complex,fourier,average,batchnorm,standard,dual / none,magnitude_silu
phase1_1184439_451,phase1,,1184439,451,cx_ksp_avg_cbn_std_dual_none_crelu,True,2026-08-23 23:16:00,0.3803479149634669,0.0058740973472595,0.4963855421686747,0.5544476673918298,0.6190476190476191,0.4898477157360406,0.0607476635514018,0.1106382978723404,0.6088953347836596,0.0882442425203645,results/slurm/phase1_1184439_451.err,complex,fourier,average,batchnorm,standard,dual / none,crelu
phase1_1184439_452,phase1,,1184439,452,cx_ksp_avg_cbn_std_dual_none_card,True,2026-08-24 01:47:50,0.4696565499207581,0.0177909191697835,0.6240963855421687,0.5014906131657401,0.365079365079365,0.637901861252115,0.0509977827050997,0.0894941634241245,0.5388230870464372,0.0666299574383485,results/slurm/phase1_1184439_452.err,complex,fourier,average,batchnorm,standard,dual / none,cardioid
phase1_1184439_453,phase1,,1184439,453,cx_ksp_avg_cbn_std_dual_gate_modrelu,True,2026-08-24 04:58:18,0.3498781054389165,0.1385127753019333,0.7373493975903614,0.6963782128756748,0.6507936507936508,0.7419627749576988,0.1184971098265895,0.2004889975550122,0.7319716380630086,0.139790594142989,results/slurm/phase1_1184439_453.err,complex,fourier,average,batchnorm,standard,dual / modulus_gate,modrelu
phase1_1184439_454,phase1,,1184439,454,cx_ksp_avg_cbn_std_dual_gate_magsilu,True,2026-08-23 23:29:14,0.3205180025364021,0.004223165102303,0.4891566265060241,0.573181049069374,0.6666666666666666,0.4796954314720812,0.0639269406392694,0.1166666666666666,0.610278516369887,0.1315888691186255,results/slurm/phase1_1184439_454.err,complex,fourier,average,batchnorm,standard,dual / modulus_gate,magnitude_silu
phase1_1184439_455,phase1,,1184439,455,cx_ksp_avg_cbn_std_dual_gate_crelu,True,2026-08-24 02:22:56,0.4167070019676024,0.0339370109140872,0.4827309236947791,0.599850938683426,0.7301587301587301,0.4695431472081218,0.0683506686478454,0.125,0.6345714822872184,0.0809078285798326,results/slurm/phase1_1184439_455.err,complex,fourier,average,batchnorm,standard,dual / modulus_gate,crelu
phase1_1184439_456,phase1,,1184439,456,cx_ksp_avg_cbn_std_dual_gate_card,True,2026-08-24 07:32:14,0.2869364687252834,0.0077670235186815,0.4321285140562249,0.6333091612279429,0.8571428571428571,0.4094754653130287,0.0718085106382978,0.1325153374233129,0.6600059087368731,0.1167500445403993,results/slurm/phase1_1184439_456.err,complex,fourier,average,batchnorm,standard,dual / modulus_gate,cardioid
phase1_1184439_457,phase1,,1184439,457,cx_ksp_avg_cbn_std_dual_holo_modrelu,True,2026-08-24 07:24:34,0.33476722130335,0.1580553650856018,0.5421686746987951,0.6086133268874385,0.6825396825396826,0.5346869712351946,0.072512647554806,0.1310975609756097,0.6472618376171676,0.0738161332730898,results/slurm/phase1_1184439_457.err,complex,fourier,average,batchnorm,standard,dual / holographic,modrelu
phase1_1184439_458,phase1,,1184439,458,cx_ksp_avg_cbn_std_dual_holo_magsilu,True,2026-08-24 07:55:43,0.5155391324955052,0.0018159004393965,0.5718875502008032,0.5341028120215937,0.492063492063492,0.5761421319796954,0.0582706766917293,0.1042016806722689,0.546585018666237,0.0683950162416862,results/slurm/phase1_1184439_458.err,complex,fourier,average,batchnorm,standard,dual / holographic,magnitude_silu
phase1_1184439_459,phase1,,1184439,459,cx_ksp_avg_cbn_std_dual_holo_crelu,True,2026-08-24 04:22:20,0.2846701228474061,0.0012036097468808,0.5445783132530121,0.6173958585126098,0.6984126984126984,0.5363790186125211,0.0743243243243243,0.1343511450381679,0.6770338140896517,0.1199970254856826,results/slurm/phase1_1184439_459.err,complex,fourier,average,batchnorm,standard,dual / holographic,crelu
phase1_1184439_460,phase1,,1184439,460,cx_ksp_avg_cbn_std_dual_holo_card,True,2026-08-24 11:19:49,0.3440499504826155,0.0163554791361093,0.4923694779116466,0.5748730964467005,0.6666666666666666,0.4830795262267343,0.0643185298621745,0.1173184357541899,0.6188461848360325,0.0702192968967494,results/slurm/phase1_1184439_460.err,complex,fourier,average,batchnorm,standard,dual / holographic,cardioid
phase1_1184439_461,phase1,,1184439,461,cx_ksp_avg_cbn_wl_single_none_modrelu,True,2026-08-24 14:58:53,0.5914618058377001,0.3245982825756073,0.6016064257028112,0.6023487229070985,0.6031746031746031,0.6015228426395939,0.074656188605108,0.1328671328671328,0.642870571804582,0.122081778686488,results/slurm/phase1_1184439_461.err,complex,fourier,average,batchnorm,widely_linear,complex_only / none,modrelu
phase1_1184439_462,phase1,,1184439,462,cx_ksp_avg_cbn_wl_single_none_magsilu,True,2026-08-24 05:56:09,0.6156626806680457,0.2818790078163147,0.6032128514056225,0.633248730964467,0.6666666666666666,0.5998307952622673,0.0815533980582524,0.1453287197231834,0.7337241157038111,0.1253839775512123,results/slurm/phase1_1184439_462.err,complex,fourier,average,batchnorm,widely_linear,complex_only / none,magnitude_silu
phase1_1184439_463,phase1,,1184439,463,cx_ksp_avg_cbn_wl_single_none_crelu,True,2026-08-24 07:27:15,1.0193722982004465,0.5670015215873718,0.363855421686747,0.6198936427362823,0.9047619047619048,0.3350253807106599,0.0676156583629893,0.1258278145695364,0.59710471893213,0.0665107527597058,results/slurm/phase1_1184439_463.err,complex,fourier,average,batchnorm,widely_linear,complex_only / none,crelu
phase1_1184439_464,phase1,,1184439,464,cx_ksp_avg_cbn_wl_single_none_card,True,2026-08-24 05:30:18,0.3237950730036306,0.0034728499595075,0.410441767068273,0.5918338570622834,0.7936507936507936,0.3900169204737733,0.0648508430609598,0.1199040767386091,0.67437488249671,0.1096306698307206,results/slurm/phase1_1184439_464.err,complex,fourier,average,batchnorm,widely_linear,complex_only / none,cardioid
phase1_1184439_465,phase1,,1184439,465,cx_ksp_avg_cbn_wl_single_holo_modrelu,True,2026-08-24 07:51:40,0.6553444560751858,0.510550856590271,0.5590361445783133,0.6325235678027556,0.7142857142857143,0.550761421319797,0.078125,0.1408450704225352,0.6573201192490532,0.0749873564731834,results/slurm/phase1_1184439_465.err,complex,fourier,average,batchnorm,widely_linear,complex_only / holographic,modrelu
phase1_1184439_466,phase1,,1184439,466,cx_ksp_avg_cbn_wl_single_holo_magsilu,True,2026-08-24 10:41:42,0.7077115108689152,0.5702682733535767,0.7228915662650602,0.4708726130045927,0.1904761904761904,0.751269035532995,0.0392156862745098,0.065040650406504,0.5318131764832272,0.051118644947256,results/slurm/phase1_1184439_466.err,complex,fourier,average,batchnorm,widely_linear,complex_only / holographic,magnitude_silu
phase1_1184439_467,phase1,,1184439,467,cx_ksp_avg_cbn_wl_single_holo_crelu,True,2026-08-24 08:51:55,0.5029415882974264,0.3217819929122925,0.5742971887550201,0.6105068084763516,0.6507936507936508,0.5702199661590525,0.0746812386156648,0.1339869281045751,0.6378481454623588,0.0884434843877409,results/slurm/phase1_1184439_467.err,complex,fourier,average,batchnorm,widely_linear,complex_only / holographic,crelu
phase1_1184439_468,phase1,,1184439,468,cx_ksp_avg_cbn_wl_single_holo_card,True,2026-08-24 13:02:48,0.3998018797142917,0.0589281693100929,0.5204819277108433,0.6497864797357182,0.7936507936507936,0.505922165820643,0.0788643533123028,0.1434720229555236,0.7260494722423656,0.1065130150064304,results/slurm/phase1_1184439_468.err,complex,fourier,average,batchnorm,widely_linear,complex_only / holographic,cardioid
phase1_1184439_469,phase1,,1184439,469,cx_ksp_avg_cbn_wl_dual_none_modrelu,True,2026-08-24 03:42:56,0.2182572233135322,0.031572014093399,0.6586345381526104,0.6023285794859399,0.5396825396825397,0.6649746192893401,0.0790697674418604,0.1379310344827586,0.6722665377487713,0.1202000300791326,results/slurm/phase1_1184439_469.err,complex,fourier,average,batchnorm,widely_linear,dual / none,modrelu
phase1_1184439_470,phase1,,1184439,470,cx_ksp_avg_cbn_wl_dual_none_magsilu,True,2026-08-25 18:21:32,0.5125880684269719,0.1926923841238021,0.6281124497991968,0.5862541294013375,0.5396825396825397,0.6328257191201354,0.0726495726495726,0.128060263653484,0.6435017323342196,0.1176435702201807,results/slurm/phase1_1184439_470.err,complex,fourier,average,batchnorm,widely_linear,dual / none,magnitude_silu
phase1_1184439_471,phase1,,1184439,471,cx_ksp_avg_cbn_wl_dual_none_crelu,True,2026-08-24 10:09:06,0.4344424417221836,0.0009752013138495,0.4530120481927711,0.6367939730883894,0.8412698412698413,0.4323181049069374,0.0732044198895027,0.1346886912325285,0.6432868691751941,0.0688949827220283,results/slurm/phase1_1184439_471.err,complex,fourier,average,batchnorm,widely_linear,dual / none,crelu
phase1_1184439_472,phase1,,1184439,472,cx_ksp_avg_cbn_wl_dual_none_card,True,2026-08-24 06:25:23,1.112043544757797,0.8516368269920349,0.7614457831325301,0.6189066150995085,0.4603174603174603,0.7774957698815567,0.0993150684931506,0.1633802816901408,0.6489001692047378,0.087715266328114,results/slurm/phase1_1184439_472.err,complex,fourier,average,batchnorm,widely_linear,dual / none,cardioid
phase1_1184439_473,phase1,,1184439,473,cx_ksp_avg_cbn_wl_dual_gate_modrelu,True,2026-08-24 07:12:58,0.275535864260302,0.1141469255089759,0.7654618473895582,0.6886431391507534,0.6031746031746031,0.7741116751269036,0.1245901639344262,0.2065217391304347,0.7261569038218785,0.1219169664908921,results/slurm/phase1_1184439_473.err,complex,fourier,average,batchnorm,widely_linear,dual / modulus_gate,modrelu
phase1_1184439_474,phase1,,1184439,474,cx_ksp_avg_cbn_wl_dual_gate_magsilu,True,2026-08-24 05:28:58,1.2044542016334323,0.5171791315078735,0.6337349397590362,0.7019176536943035,0.7777777777777778,0.626057529610829,0.0997963340122199,0.1768953068592057,0.7295409985765315,0.1143395808311471,results/slurm/phase1_1184439_474.err,complex,fourier,average,batchnorm,widely_linear,dual / modulus_gate,magnitude_silu
phase1_1184439_475,phase1,,1184439,475,cx_ksp_avg_cbn_wl_dual_gate_crelu,True,2026-08-24 08:03:10,0.744927125475014,0.5312185287475586,0.6481927710843374,0.6268834098783338,0.6031746031746031,0.6505922165820643,0.0842572062084257,0.1478599221789883,0.6901404667902129,0.1041987911152703,results/slurm/phase1_1184439_475.err,complex,fourier,average,batchnorm,widely_linear,dual / modulus_gate,crelu
phase1_1184439_476,phase1,,1184439,476,cx_ksp_avg_cbn_wl_dual_gate_card,True,2026-08-24 12:17:56,0.4358990967034336,0.0328653790056705,0.6160642570281124,0.6024494400128918,0.5873015873015873,0.6175972927241963,0.0756646216768916,0.1340579710144927,0.6387344559933392,0.0847662170493412,results/slurm/phase1_1184439_476.err,complex,fourier,average,batchnorm,widely_linear,dual / modulus_gate,cardioid
phase1_1184439_477,phase1,,1184439,477,cx_ksp_avg_cbn_wl_dual_holo_modrelu,True,2026-08-24 07:50:16,0.7506795148234291,0.2397157698869705,0.5116465863453815,0.6301063572637177,0.7619047619047619,0.4983079526226734,0.0748829953198128,0.1363636363636363,0.6650283350790965,0.1046731174078371,results/slurm/phase1_1184439_477.err,complex,fourier,average,batchnorm,widely_linear,dual / holographic,modrelu
phase1_1184439_478,phase1,,1184439,478,cx_ksp_avg_cbn_wl_dual_holo_magsilu,True,2026-08-24 13:05:37,0.4907415660980894,0.0142088932916522,0.2891566265060241,0.5730400451212634,0.8888888888888888,0.2571912013536379,0.0599571734475374,0.1123370110330993,0.6407622270566433,0.0946548150538023,results/slurm/phase1_1184439_478.err,complex,fourier,average,batchnorm,widely_linear,dual / holographic,magnitude_silu
phase1_1184439_479,phase1,,1184439,479,cx_ksp_avg_cbn_wl_dual_holo_crelu,True,2026-08-24 13:54:08,0.4854902457969495,0.0097930831834673,0.5068273092369477,0.5674603174603174,0.6349206349206349,0.5,0.063391442155309,0.1152737752161383,0.6144817769183251,0.0715496034913974,results/slurm/phase1_1184439_479.err,complex,fourier,average,batchnorm,widely_linear,dual / holographic,crelu
phase1_1184439_480,phase1,,1184439,480,cx_ksp_avg_cbn_wl_dual_holo_card,True,2026-08-24 07:09:23,1.1701902887937294,0.4365699291229248,0.5317269076305221,0.5880871807267747,0.6507936507936508,0.5253807106598984,0.0681063122923588,0.1233082706766917,0.6526737034351248,0.0807464905667665,results/slurm/phase1_1184439_480.err,complex,fourier,average,batchnorm,widely_linear,dual / holographic,cardioid
